Avg_50th_Pctl,Avg_75th_Pctl,Avg_95th_Pctl,FundID,Increase_Avg,Lookback_Avg,Peak_50th_Pctl,Peak_75th_Pctl,Peak_95th_Pctl,Qualitative_Segment,Quantitative_Segment,Risk_Rating,Trigger_Trade_Avg,UnitHolderID,index
1.2609284684807058,1.5125200472678255,2.4278431874506468,JKL3,1000000.0,,1.296415300018679,1.5936879648565316,4.547024182890633,Corporate,High Value High Volume,White List,190807.05954699998,UH_HKGR_0309,57.0
1.2609284684807058,1.5125200472678255,2.4278431874506468,DEF10,1000000.0,,1.296415300018679,1.5936879648565316,4.547024182890633,Corporate,High Value High Volume,White List,158304.83743244444,UH_HKGR_0312,58.0
1.2609284684807058,1.5125200472678255,2.4278431874506468,GHI5,1000000.0,,1.296415300018679,1.5936879648565316,4.547024182890633,Corporate,High Value High Volume,White List,150941.60399144446,UH_HKGR_0312,59.0
1.2609284684807058,1.5125200472678255,2.4278431874506468,JKL8,1000000.0,,1.296415300018679,1.5936879648565316,4.547024182890633,Corporate,High Value High Volume,White List,175640.77892833337,UH_HKGR_0313,60.0
1.2609284684807058,1.5125200472678255,2.4278431874506468,JKL3,1000000.0,,1.296415300018679,1.5936879648565316,4.547024182890633,Corporate,High Value High Volume,White List,123249.46384977776,UH_HKGR_0314,61.0
1.2609284684807058,1.5125200472678255,2.4278431874506468,JKL4,1000000.0,,1.296415300018679,1.5936879648565316,4.547024182890633,Corporate,High Value High Volume,White List,166071.28197955558,UH_HKGR_0317,63.0
1.2609284684807058,1.5125200472678255,2.4278431874506468,JKL1,1000000.0,,1.296415300018679,1.5936879648565316,4.547024182890633,Corporate,High Value High Volume,White List,292186.1265144444,UH_HKGR_0334,64.0
1.2609284684807058,1.5125200472678255,2.4278431874506468,GHI1,1000000.0,,1.296415300018679,1.5936879648565316,4.547024182890633,Corporate,High Value High Volume,White List,122898.13382188886,UH_HKGR_0335,66.0
1.2609284684807058,1.5125200472678255,2.4278431874506468,JKL8,1000000.0,,1.296415300018679,1.5936879648565316,4.547024182890633,Corporate,High Value High Volume,White List,118464.24073033332,UH_HKGR_0337,67.0
1.2609284684807058,1.5125200472678255,2.4278431874506468,GHI9,1000000.0,,1.296415300018679,1.5936879648565316,4.547024182890633,Corporate,High Value High Volume,White List,109339.21933133334,UH_HKGR_0343,71.0
1.2609284684807058,1.5125200472678255,2.4278431874506468,JKL4,1000000.0,,1.296415300018679,1.5936879648565316,4.547024182890633,Corporate,High Value High Volume,White List,147664.5222418889,UH_HKGR_0344,72.0
1.2609284684807058,1.5125200472678255,2.4278431874506468,JKL2,2.853691101354284,90967.3357637778,1.296415300018679,1.5936879648565316,4.547024182890633,Corporate,High Value High Volume,White List,259592.676583,UH_HKGR_0349,73.0
1.2609284684807058,1.5125200472678255,2.4278431874506468,GHI20,1000000.0,,1.296415300018679,1.5936879648565316,4.547024182890633,Corporate,High Value High Volume,White List,156400.51664422223,UH_HKGR_0357,74.0
1.2609284684807058,1.5125200472678255,2.4278431874506468,JKL3,1000000.0,,1.296415300018679,1.5936879648565316,4.547024182890633,Corporate,High Value High Volume,White List,37346.730564,UH_HKGR_0360,76.0
1.2609284684807058,1.5125200472678255,2.4278431874506468,JKL9,5.181751641175491,26198.670667555558,1.296415300018679,1.5936879648565316,4.547024182890633,Corporate,High Value High Volume,White List,135755.0047282222,UH_HKGR_0360,77.0
1.2609284684807058,1.5125200472678255,2.4278431874506468,JKL8,4.334711837875173,31008.425917777775,1.296415300018679,1.5936879648565316,4.547024182890633,Corporate,High Value High Volume,White List,134412.59089966665,UH_HKGR_0372,78.0
1.2609284684807058,1.5125200472678255,2.4278431874506468,GHI11,1000000.0,,1.296415300018679,1.5936879648565316,4.547024182890633,Corporate,High Value High Volume,White List,122456.76432744447,UH_HKGR_0376,79.0
1.2609284684807058,1.5125200472678255,2.4278431874506468,JKL3,3.3779455752307146,42569.194304,1.296415300018679,1.5936879648565316,4.547024182890633,Corporate,High Value High Volume,White List,143796.42154033334,UH_HKGR_0376,80.0
1.2609284684807058,1.5125200472678255,2.4278431874506468,JKL9,1000000.0,,1.296415300018679,1.5936879648565316,4.547024182890633,Corporate,High Value High Volume,White List,190012.51427944444,UH_HKGR_0378,81.0
1.2609284684807058,1.5125200472678255,2.4278431874506468,JKL4,1000000.0,,1.296415300018679,1.5936879648565316,4.547024182890633,Corporate,High Value High Volume,White List,39358.25856566667,UH_HKGR_0395,86.0
1.4513295686354826,1.8364611833058877,4.38821973444914,JKL4,1000000.0,,1.3132236521963379,1.6126506829832945,4.907493505203759,Corporate,High Value Low Volume,White List,408868.6784996667,UH_HKGR_0409,132.0
1.4513295686354826,1.8364611833058877,4.38821973444914,JKL5,1000000.0,0.0,1.3132236521963379,1.6126506829832945,4.907493505203759,Corporate,High Value Low Volume,White List,225049.62702533335,UH_HKGR_0410,133.0
1.4513295686354826,1.8364611833058877,4.38821973444914,GHI3,1000000.0,,1.3132236521963379,1.6126506829832945,4.907493505203759,Corporate,High Value Low Volume,White List,339216.530692,UH_HKGR_0412,134.0
1.4513295686354826,1.8364611833058877,4.38821973444914,JKL4,1000000.0,,1.3132236521963379,1.6126506829832945,4.907493505203759,Corporate,High Value Low Volume,White List,236163.238194,UH_HKGR_0424,135.0
1.4513295686354826,1.8364611833058877,4.38821973444914,JKL2,1000000.0,,1.3132236521963379,1.6126506829832945,4.907493505203759,Corporate,High Value Low Volume,White List,305062.68090800004,UH_HKGR_0444,137.0
1.4513295686354826,1.8364611833058877,4.38821973444914,GHI3,1000000.0,,1.3132236521963379,1.6126506829832945,4.907493505203759,Corporate,High Value Low Volume,White List,494601.614676,UH_HKGR_0799,140.0
1.4513295686354826,1.8364611833058877,4.38821973444914,DEF1,1000000.0,,1.3132236521963379,1.6126506829832945,4.907493505203759,Corporate,High Value Low Volume,White List,972628.4663,UH_HKGR_0853,141.0
1.4513295686354826,1.8364611833058877,4.38821973444914,GHI2,1000000.0,,1.3132236521963379,1.6126506829832945,4.907493505203759,Corporate,High Value Low Volume,White List,143546.249779,UH_HKGR_0853,142.0
1.4513295686354826,1.8364611833058877,4.38821973444914,GHI7,1000000.0,,1.3132236521963379,1.6126506829832945,4.907493505203759,Corporate,High Value Low Volume,White List,106245.366032,UH_HKGR_0869,143.0
1.299858631135686,1.4675951045826416,1.5294604435428039,GHI17,1000000.0,,1.2525812493424664,1.2525812493424664,1.2525812493424664,Corporate,Low Value High Volume,White List,70619.48106466667,UH_HKGR_0458,145.0
1.6102294312858998,2.4239665157231083,4.8232423001692,GHI15,1000000.0,,1.4242509201504854,2.0227290288443407,4.9494745851853885,Corporate,Low Value Low Volume,White List,3770.799266,UH_HKGR_0251,335.0
1.6102294312858998,2.4239665157231083,4.8232423001692,GHI6,1000000.0,,1.4242509201504854,2.0227290288443407,4.9494745851853885,Corporate,Low Value Low Volume,White List,7819.2001980000005,UH_HKGR_0251,336.0
1.6102294312858998,2.4239665157231083,4.8232423001692,GHI6,1000000.0,,1.4242509201504854,2.0227290288443407,4.9494745851853885,Corporate,Low Value Low Volume,White List,6803.578211000001,UH_HKGR_0259,337.0
1.6102294312858998,2.4239665157231083,4.8232423001692,JKL4,1000000.0,,1.4242509201504854,2.0227290288443407,4.9494745851853885,Corporate,Low Value Low Volume,White List,5609.701951,UH_HKGR_0269,341.0
1.6102294312858998,2.4239665157231083,4.8232423001692,JKL5,1000000.0,,1.4242509201504854,2.0227290288443407,4.9494745851853885,Corporate,Low Value Low Volume,White List,5676.013092,UH_HKGR_0279,342.0
1.6102294312858998,2.4239665157231083,4.8232423001692,JKL3,1000000.0,,1.4242509201504854,2.0227290288443407,4.9494745851853885,Corporate,Low Value Low Volume,White List,5511.517466,UH_HKGR_0285,343.0
1.6102294312858998,2.4239665157231083,4.8232423001692,JKL2,1000000.0,,1.4242509201504854,2.0227290288443407,4.9494745851853885,Corporate,Low Value Low Volume,White List,6176.724244000001,UH_HKGR_0290,345.0
1.6102294312858998,2.4239665157231083,4.8232423001692,JKL4,1000000.0,,1.4242509201504854,2.0227290288443407,4.9494745851853885,Corporate,Low Value Low Volume,White List,6791.954455,UH_HKGR_0290,346.0
1.6102294312858998,2.4239665157231083,4.8232423001692,GHI11,1000000.0,,1.4242509201504854,2.0227290288443407,4.9494745851853885,Corporate,Low Value Low Volume,White List,334898.74234266666,UH_HKGR_0407,349.0
1.6102294312858998,2.4239665157231083,4.8232423001692,GHI4,1000000.0,,1.4242509201504854,2.0227290288443407,4.9494745851853885,Corporate,Low Value Low Volume,White List,285096.592742,UH_HKGR_0407,350.0
1.6102294312858998,2.4239665157231083,4.8232423001692,JKL4,1000000.0,,1.4242509201504854,2.0227290288443407,4.9494745851853885,Corporate,Low Value Low Volume,White List,78947.52621366667,UH_HKGR_0467,355.0
1.6102294312858998,2.4239665157231083,4.8232423001692,GHI1,1000000.0,,1.4242509201504854,2.0227290288443407,4.9494745851853885,Corporate,Low Value Low Volume,White List,50818.96441266666,UH_HKGR_0481,357.0
1.6102294312858998,2.4239665157231083,4.8232423001692,GHI4,1000000.0,,1.4242509201504854,2.0227290288443407,4.9494745851853885,Corporate,Low Value Low Volume,White List,85777.75755133334,UH_HKGR_0491,358.0
1.6102294312858998,2.4239665157231083,4.8232423001692,GHI20,1000000.0,,1.4242509201504854,2.0227290288443407,4.9494745851853885,Corporate,Low Value Low Volume,White List,7005.8861990000005,UH_HKGR_0502,359.0
1.6102294312858998,2.4239665157231083,4.8232423001692,DEF8,4.8811173443976825,2233.162564,1.4242509201504854,2.0227290288443407,4.9494745851853885,Corporate,Low Value Low Volume,White List,10900.328524,UH_HKGR_0503,360.0
1.6102294312858998,2.4239665157231083,4.8232423001692,DEF1,1000000.0,,1.4242509201504854,2.0227290288443407,4.9494745851853885,Corporate,Low Value Low Volume,White List,427257.52335000003,UH_HKGR_0508,361.0
1.6102294312858998,2.4239665157231083,4.8232423001692,GHI15,1000000.0,0.0,1.4242509201504854,2.0227290288443407,4.9494745851853885,Corporate,Low Value Low Volume,White List,16571.144512,UH_HKGR_0511,364.0
1.6102294312858998,2.4239665157231083,4.8232423001692,DEF6,1000000.0,,1.4242509201504854,2.0227290288443407,4.9494745851853885,Corporate,Low Value Low Volume,White List,113153.416173,UH_HKGR_0527,366.0
1.6102294312858998,2.4239665157231083,4.8232423001692,GHI1,1000000.0,,1.4242509201504854,2.0227290288443407,4.9494745851853885,Corporate,Low Value Low Volume,White List,79756.680588,UH_HKGR_0568,370.0
1.6102294312858998,2.4239665157231083,4.8232423001692,GHI11,1000000.0,,1.4242509201504854,2.0227290288443407,4.9494745851853885,Corporate,Low Value Low Volume,White List,74032.20593150001,UH_HKGR_0586,372.0
1.6102294312858998,2.4239665157231083,4.8232423001692,DEF7,1000000.0,,1.4242509201504854,2.0227290288443407,4.9494745851853885,Corporate,Low Value Low Volume,White List,164085.444502,UH_HKGR_0592,373.0
1.6102294312858998,2.4239665157231083,4.8232423001692,DEF10,1000000.0,,1.4242509201504854,2.0227290288443407,4.9494745851853885,Corporate,Low Value Low Volume,White List,113059.394812,UH_HKGR_0596,374.0
1.6102294312858998,2.4239665157231083,4.8232423001692,GHI4,1000000.0,,1.4242509201504854,2.0227290288443407,4.9494745851853885,Corporate,Low Value Low Volume,White List,203128.695484,UH_HKGR_0616,379.0
1.6102294312858998,2.4239665157231083,4.8232423001692,GHI5,1000000.0,,1.4242509201504854,2.0227290288443407,4.9494745851853885,Corporate,Low Value Low Volume,White List,305203.275481,UH_HKGR_0621,380.0
1.6102294312858998,2.4239665157231083,4.8232423001692,JKL6,1000000.0,,1.4242509201504854,2.0227290288443407,4.9494745851853885,Corporate,Low Value Low Volume,White List,95844.304088,UH_HKGR_0621,381.0
1.6102294312858998,2.4239665157231083,4.8232423001692,GHI6,1000000.0,,1.4242509201504854,2.0227290288443407,4.9494745851853885,Corporate,Low Value Low Volume,White List,177555.022346,UH_HKGR_0660,383.0
1.6102294312858998,2.4239665157231083,4.8232423001692,GHI8,1000000.0,,1.4242509201504854,2.0227290288443407,4.9494745851853885,Corporate,Low Value Low Volume,White List,195904.984758,UH_HKGR_0660,384.0
1.6102294312858998,2.4239665157231083,4.8232423001692,GHI16,1000000.0,,1.4242509201504854,2.0227290288443407,4.9494745851853885,Corporate,Low Value Low Volume,White List,171584.833542,UH_HKGR_0671,385.0
1.6102294312858998,2.4239665157231083,4.8232423001692,JKL7,1000000.0,,1.4242509201504854,2.0227290288443407,4.9494745851853885,Corporate,Low Value Low Volume,White List,90595.637472,UH_HKGR_0674,387.0
1.6102294312858998,2.4239665157231083,4.8232423001692,GHI4,1000000.0,,1.4242509201504854,2.0227290288443407,4.9494745851853885,Corporate,Low Value Low Volume,White List,677317.569453,UH_HKGR_0690,388.0
1.6102294312858998,2.4239665157231083,4.8232423001692,GHI8,1000000.0,,1.4242509201504854,2.0227290288443407,4.9494745851853885,Corporate,Low Value Low Volume,White List,365104.52883533336,UH_HKGR_0710,390.0
1.6102294312858998,2.4239665157231083,4.8232423001692,DEF4,1000000.0,,1.4242509201504854,2.0227290288443407,4.9494745851853885,Corporate,Low Value Low Volume,White List,822709.03866,UH_HKGR_0750,394.0
1.6102294312858998,2.4239665157231083,4.8232423001692,DEF7,1000000.0,,1.4242509201504854,2.0227290288443407,4.9494745851853885,Corporate,Low Value Low Volume,White List,346608.57779633335,UH_HKGR_0754,395.0
1.6102294312858998,2.4239665157231083,4.8232423001692,GHI20,1000000.0,,1.4242509201504854,2.0227290288443407,4.9494745851853885,Corporate,Low Value Low Volume,White List,137808.497307,UH_HKGR_0754,396.0
1.6102294312858998,2.4239665157231083,4.8232423001692,DEF5,1000000.0,,1.4242509201504854,2.0227290288443407,4.9494745851853885,Corporate,Low Value Low Volume,White List,925177.89845,UH_HKGR_0755,397.0
1.6102294312858998,2.4239665157231083,4.8232423001692,JKL2,1000000.0,,1.4242509201504854,2.0227290288443407,4.9494745851853885,Corporate,Low Value Low Volume,White List,75249.60797900001,UH_HKGR_0755,398.0
1.6102294312858998,2.4239665157231083,4.8232423001692,DEF10,1000000.0,,1.4242509201504854,2.0227290288443407,4.9494745851853885,Corporate,Low Value Low Volume,White List,252711.2486445,UH_HKGR_0771,400.0
1.6102294312858998,2.4239665157231083,4.8232423001692,DEF7,1000000.0,,1.4242509201504854,2.0227290288443407,4.9494745851853885,Corporate,Low Value Low Volume,White List,114930.822113,UH_HKGR_0777,401.0
1.6102294312858998,2.4239665157231083,4.8232423001692,GHI20,1000000.0,,1.4242509201504854,2.0227290288443407,4.9494745851853885,Corporate,Low Value Low Volume,White List,342925.26957,UH_HKGR_0777,402.0
1.6102294312858998,2.4239665157231083,4.8232423001692,GHI9,1000000.0,,1.4242509201504854,2.0227290288443407,4.9494745851853885,Corporate,Low Value Low Volume,White List,100426.64898133335,UH_HKGR_0792,403.0
1.6102294312858998,2.4239665157231083,4.8232423001692,JKL10,1000000.0,,1.4242509201504854,2.0227290288443407,4.9494745851853885,Corporate,Low Value Low Volume,White List,74410.262451,UH_HKGR_0835,404.0
1.6102294312858998,2.4239665157231083,4.8232423001692,DEF10,1000000.0,,1.4242509201504854,2.0227290288443407,4.9494745851853885,Corporate,Low Value Low Volume,White List,88587.772624,UH_HKGR_0885,408.0
1.6102294312858998,2.4239665157231083,4.8232423001692,DEF10,1000000.0,,1.4242509201504854,2.0227290288443407,4.9494745851853885,Corporate,Low Value Low Volume,White List,178415.921021,UH_HKGR_0920,410.0
1.6102294312858998,2.4239665157231083,4.8232423001692,GHI9,1000000.0,,1.4242509201504854,2.0227290288443407,4.9494745851853885,Corporate,Low Value Low Volume,White List,157011.695672,UH_HKGR_0920,411.0
1.6102294312858998,2.4239665157231083,4.8232423001692,GHI12,1000000.0,,1.4242509201504854,2.0227290288443407,4.9494745851853885,Corporate,Low Value Low Volume,White List,132795.102752,UH_HKGR_0935,412.0
2.3781055212027016,4.857500159958834,12.130118637581324,DEF10,1000000.0,,2.3764643553792486,4.857926768470231,11.258009185429698,Individual,High Value High Volume,White List,6503.895025333334,UH_HKGR_0021,429.0
2.3781055212027016,4.857500159958834,12.130118637581324,DEF1,1000000.0,,2.3764643553792486,4.857926768470231,11.258009185429698,Individual,High Value High Volume,White List,100743.18238666667,UH_HKGR_0044,430.0
2.3781055212027016,4.857500159958834,12.130118637581324,DEF6,1000000.0,,2.3764643553792486,4.857926768470231,11.258009185429698,Individual,High Value High Volume,White List,1888.553108,UH_HKGR_0244,433.0
7.199038076152305,9.588469344829344,26.576212179108982,DEF1,1000000.0,,6.472434016516853,8.64297750705245,10.095382510124454,Individual,High Value Low Volume,White List,64090.56207,UH_HKGR_0072,443.0
7.199038076152305,9.588469344829344,26.576212179108982,GHI3,1000000.0,,6.472434016516853,8.64297750705245,10.095382510124454,Individual,High Value Low Volume,White List,32349.229523,UH_HKGR_0073,444.0
7.199038076152305,9.588469344829344,26.576212179108982,DEF6,1000000.0,,6.472434016516853,8.64297750705245,10.095382510124454,Individual,High Value Low Volume,White List,73062.988414,UH_HKGR_0076,445.0
2.9391024108628008,5.172914423386207,20.356302282716573,DEF8,1000000.0,,2.9300629030291785,5.181655397644528,20.309847198641766,Individual,Low Value High Volume,White List,1111.663007,UH_HKGR_0003,458.0
2.9391024108628008,5.172914423386207,20.356302282716573,GHI3,1000000.0,,2.9300629030291785,5.181655397644528,20.309847198641766,Individual,Low Value High Volume,White List,533.2315993333333,UH_HKGR_0013,460.0
2.9391024108628008,5.172914423386207,20.356302282716573,DEF1,262.49420690228334,253.80664,2.9300629030291785,5.181655397644528,20.309847198641766,Individual,Low Value High Volume,White List,66622.77267333334,UH_HKGR_0015,461.0
2.9391024108628008,5.172914423386207,20.356302282716573,ABC4,1000000.0,,2.9300629030291785,5.181655397644528,20.309847198641766,Individual,Low Value High Volume,White List,16548.666666666668,UH_HKGR_0024,462.0
2.9391024108628008,5.172914423386207,20.356302282716573,ABC7,1000000.0,,2.9300629030291785,5.181655397644528,20.309847198641766,Individual,Low Value High Volume,White List,3013.876146666667,UH_HKGR_0028,463.0
2.66334979414426,8.931213291708556,46.75255623721881,GHI8,1000000.0,,2.3663662065896416,8.931213291708556,50.48190789473684,Individual,Low Value Low Volume,White List,58535.055228,UH_HKGR_0053,502.0
2.66334979414426,8.931213291708556,46.75255623721881,GHI3,1000000.0,,2.3663662065896416,8.931213291708556,50.48190789473684,Individual,Low Value Low Volume,White List,19932.737058,UH_HKGR_0075,503.0
2.66334979414426,8.931213291708556,46.75255623721881,GHI1,1000000.0,,2.3663662065896416,8.931213291708556,50.48190789473684,Individual,Low Value Low Volume,White List,12983.108853,UH_HKGR_0114,505.0
2.66334979414426,8.931213291708556,46.75255623721881,ABC8,1000000.0,,2.3663662065896416,8.931213291708556,50.48190789473684,Individual,Low Value Low Volume,White List,176676.95541999998,UH_HKGR_0121,506.0
2.66334979414426,8.931213291708556,46.75255623721881,DEF1,1000000.0,,2.3663662065896416,8.931213291708556,50.48190789473684,Individual,Low Value Low Volume,White List,48075.24882,UH_HKGR_0127,507.0
1.2609284684807058,1.5125200472678255,2.4278431874506468,JKL2,1000000.0,,1.296415300018679,1.5936879648565316,4.547024182890633,Corporate,High Value High Volume,Standard List,270818.8492547778,UH_HKGR_0300,0.0
1.2609284684807058,1.5125200472678255,2.4278431874506468,GHI2,1000000.0,,1.296415300018679,1.5936879648565316,4.547024182890633,Corporate,High Value High Volume,Standard List,138048.64413888892,UH_HKGR_0301,1.0
1.2609284684807058,1.5125200472678255,2.4278431874506468,JKL3,1000000.0,,1.296415300018679,1.5936879648565316,4.547024182890633,Corporate,High Value High Volume,Standard List,169412.40458611108,UH_HKGR_0304,4.0
1.2609284684807058,1.5125200472678255,2.4278431874506468,GHI2,1000000.0,,1.296415300018679,1.5936879648565316,4.547024182890633,Corporate,High Value High Volume,Standard List,96334.99975244445,UH_HKGR_0318,7.0
1.2609284684807058,1.5125200472678255,2.4278431874506468,GHI4,1000000.0,,1.296415300018679,1.5936879648565316,4.547024182890633,Corporate,High Value High Volume,Standard List,169608.60171666666,UH_HKGR_0318,8.0
1.2609284684807058,1.5125200472678255,2.4278431874506468,GHI12,1000000.0,,1.296415300018679,1.5936879648565316,4.547024182890633,Corporate,High Value High Volume,Standard List,131742.5603232222,UH_HKGR_0322,9.0
1.2609284684807058,1.5125200472678255,2.4278431874506468,GHI13,1000000.0,,1.296415300018679,1.5936879648565316,4.547024182890633,Corporate,High Value High Volume,Standard List,174271.85165722223,UH_HKGR_0323,10.0
1.2609284684807058,1.5125200472678255,2.4278431874506468,GHI15,1000000.0,,1.296415300018679,1.5936879648565316,4.547024182890633,Corporate,High Value High Volume,Standard List,166291.04773144447,UH_HKGR_0326,11.0
1.2609284684807058,1.5125200472678255,2.4278431874506468,JKL1,1.6555522284465503,105619.96102222223,1.296415300018679,1.5936879648565316,4.547024182890633,Corporate,High Value High Volume,Standard List,174859.36183877778,UH_HKGR_0327,14.0
1.2609284684807058,1.5125200472678255,2.4278431874506468,GHI5,1000000.0,,1.296415300018679,1.5936879648565316,4.547024182890633,Corporate,High Value High Volume,Standard List,81358.58982622222,UH_HKGR_0328,15.0
1.2609284684807058,1.5125200472678255,2.4278431874506468,GHI12,1.7087840639221534,90536.13719155556,1.296415300018679,1.5936879648565316,4.547024182890633,Corporate,High Value High Volume,Standard List,154706.70844199994,UH_HKGR_0329,16.0
1.2609284684807058,1.5125200472678255,2.4278431874506468,DEF10,1000000.0,,1.296415300018679,1.5936879648565316,4.547024182890633,Corporate,High Value High Volume,Standard List,186461.87358866667,UH_HKGR_0340,18.0
1.2609284684807058,1.5125200472678255,2.4278431874506468,GHI9,1000000.0,,1.296415300018679,1.5936879648565316,4.547024182890633,Corporate,High Value High Volume,Standard List,148139.12723711113,UH_HKGR_0342,19.0
1.2609284684807058,1.5125200472678255,2.4278431874506468,GHI12,1.5786674992237686,118062.13298770374,1.296415300018679,1.5936879648565316,4.547024182890633,Corporate,High Value High Volume,Standard List,186380.85223672225,UH_HKGR_0348,21.0
1.2609284684807058,1.5125200472678255,2.4278431874506468,GHI15,1000000.0,,1.296415300018679,1.5936879648565316,4.547024182890633,Corporate,High Value High Volume,Standard List,230355.4062015555,UH_HKGR_0350,22.0
1.2609284684807058,1.5125200472678255,2.4278431874506468,JKL7,1000000.0,,1.296415300018679,1.5936879648565316,4.547024182890633,Corporate,High Value High Volume,Standard List,111173.53062644445,UH_HKGR_0352,23.0
1.2609284684807058,1.5125200472678255,2.4278431874506468,GHI9,1000000.0,,1.296415300018679,1.5936879648565316,4.547024182890633,Corporate,High Value High Volume,Standard List,172835.09718222215,UH_HKGR_0356,26.0
1.2609284684807058,1.5125200472678255,2.4278431874506468,GHI10,1000000.0,,1.296415300018679,1.5936879648565316,4.547024182890633,Corporate,High Value High Volume,Standard List,166586.50749288892,UH_HKGR_0363,27.0
1.2609284684807058,1.5125200472678255,2.4278431874506468,GHI20,1000000.0,,1.296415300018679,1.5936879648565316,4.547024182890633,Corporate,High Value High Volume,Standard List,124294.08367211113,UH_HKGR_0363,28.0
1.2609284684807058,1.5125200472678255,2.4278431874506468,DEF10,1000000.0,,1.296415300018679,1.5936879648565316,4.547024182890633,Corporate,High Value High Volume,Standard List,150905.45361522224,UH_HKGR_0373,30.0
1.2609284684807058,1.5125200472678255,2.4278431874506468,GHI20,1000000.0,,1.296415300018679,1.5936879648565316,4.547024182890633,Corporate,High Value High Volume,Standard List,135203.48869444444,UH_HKGR_0374,31.0
1.2609284684807058,1.5125200472678255,2.4278431874506468,JKL2,1000000.0,,1.296415300018679,1.5936879648565316,4.547024182890633,Corporate,High Value High Volume,Standard List,140821.831878,UH_HKGR_0379,33.0
1.2609284684807058,1.5125200472678255,2.4278431874506468,JKL7,1000000.0,,1.296415300018679,1.5936879648565316,4.547024182890633,Corporate,High Value High Volume,Standard List,141907.69245177778,UH_HKGR_0383,37.0
1.2609284684807058,1.5125200472678255,2.4278431874506468,GHI8,1000000.0,,1.296415300018679,1.5936879648565316,4.547024182890633,Corporate,High Value High Volume,Standard List,209372.68682088892,UH_HKGR_0389,39.0
1.2609284684807058,1.5125200472678255,2.4278431874506468,JKL4,1000000.0,0.0,1.296415300018679,1.5936879648565316,4.547024182890633,Corporate,High Value High Volume,Standard List,298739.22660633334,UH_HKGR_0419,40.0
1.2609284684807058,1.5125200472678255,2.4278431874506468,JKL2,1000000.0,,1.296415300018679,1.5936879648565316,4.547024182890633,Corporate,High Value High Volume,Standard List,266796.327416,UH_HKGR_0438,42.0
1.4513295686354826,1.8364611833058877,4.38821973444914,GHI20,1000000.0,,1.3132236521963379,1.6126506829832945,4.907493505203759,Corporate,High Value Low Volume,Standard List,295811.6104103334,UH_HKGR_0401,89.0
1.4513295686354826,1.8364611833058877,4.38821973444914,DEF9,1000000.0,,1.3132236521963379,1.6126506829832945,4.907493505203759,Corporate,High Value Low Volume,Standard List,289009.73248500004,UH_HKGR_0413,90.0
1.4513295686354826,1.8364611833058877,4.38821973444914,GHI4,1000000.0,,1.3132236521963379,1.6126506829832945,4.907493505203759,Corporate,High Value Low Volume,Standard List,376364.6764236667,UH_HKGR_0413,91.0
1.4513295686354826,1.8364611833058877,4.38821973444914,GHI7,1000000.0,,1.3132236521963379,1.6126506829832945,4.907493505203759,Corporate,High Value Low Volume,Standard List,258218.55825133334,UH_HKGR_0431,93.0
1.4513295686354826,1.8364611833058877,4.38821973444914,GHI8,1000000.0,,1.3132236521963379,1.6126506829832945,4.907493505203759,Corporate,High Value Low Volume,Standard List,374215.183771,UH_HKGR_0432,94.0
1.4513295686354826,1.8364611833058877,4.38821973444914,DEF9,1000000.0,,1.3132236521963379,1.6126506829832945,4.907493505203759,Corporate,High Value Low Volume,Standard List,340882.86892833334,UH_HKGR_0436,95.0
1.4513295686354826,1.8364611833058877,4.38821973444914,GHI4,1000000.0,,1.3132236521963379,1.6126506829832945,4.907493505203759,Corporate,High Value Low Volume,Standard List,109213.164424,UH_HKGR_0563,97.0
1.4513295686354826,1.8364611833058877,4.38821973444914,JKL5,1000000.0,,1.3132236521963379,1.6126506829832945,4.907493505203759,Corporate,High Value Low Volume,Standard List,119893.44941666666,UH_HKGR_0626,98.0
1.4513295686354826,1.8364611833058877,4.38821973444914,DEF1,1.909110978622209,1869437.5063233331,1.3132236521963379,1.6126506829832945,4.907493505203759,Corporate,High Value Low Volume,Standard List,3568963.6671700003,UH_HKGR_0657,99.0
1.4513295686354826,1.8364611833058877,4.38821973444914,GHI16,1000000.0,,1.3132236521963379,1.6126506829832945,4.907493505203759,Corporate,High Value Low Volume,Standard List,620711.728845,UH_HKGR_0657,100.0
1.4513295686354826,1.8364611833058877,4.38821973444914,DEF2,1000000.0,,1.3132236521963379,1.6126506829832945,4.907493505203759,Corporate,High Value Low Volume,Standard List,7197396.21949,UH_HKGR_0713,101.0
1.4513295686354826,1.8364611833058877,4.38821973444914,DEF10,1000000.0,,1.3132236521963379,1.6126506829832945,4.907493505203759,Corporate,High Value Low Volume,Standard List,115740.10084,UH_HKGR_0787,103.0
1.4513295686354826,1.8364611833058877,4.38821973444914,GHI14,2.8189649124468357,128470.316751,1.3132236521963379,1.6126506829832945,4.907493505203759,Corporate,High Value Low Volume,Standard List,362153.315212,UH_HKGR_0901,105.0
1.4513295686354826,1.8364611833058877,4.38821973444914,JKL10,1000000.0,,1.3132236521963379,1.6126506829832945,4.907493505203759,Corporate,High Value Low Volume,Standard List,356542.226898,UH_HKGR_0931,106.0
1.4513295686354826,1.8364611833058877,4.38821973444914,GHI19,4.1315029564022785,72094.191472,1.3132236521963379,1.6126506829832945,4.907493505203759,Corporate,High Value Low Volume,Standard List,297857.365206,UH_HKGR_0976,110.0
1.4513295686354826,1.8364611833058877,4.38821973444914,DEF2,1000000.0,,1.3132236521963379,1.6126506829832945,4.907493505203759,Corporate,High Value Low Volume,Standard List,4995379.27266,UH_HKGR_0994,112.0
1.299858631135686,1.4675951045826416,1.5294604435428039,JKL3,1.8136849222650617,58104.900166666666,1.2525812493424664,1.2525812493424664,1.2525812493424664,Corporate,Low Value High Volume,Standard List,105383.981342,UH_HKGR_0470,144.0
1.6102294312858998,2.4239665157231083,4.8232423001692,JKL2,1000000.0,,1.4242509201504854,2.0227290288443407,4.9494745851853885,Corporate,Low Value Low Volume,Standard List,7919.763254,UH_HKGR_0254,147.0
1.6102294312858998,2.4239665157231083,4.8232423001692,GHI10,1000000.0,,1.4242509201504854,2.0227290288443407,4.9494745851853885,Corporate,Low Value Low Volume,Standard List,11954.065171,UH_HKGR_0255,149.0
1.6102294312858998,2.4239665157231083,4.8232423001692,GHI18,1000000.0,,1.4242509201504854,2.0227290288443407,4.9494745851853885,Corporate,Low Value Low Volume,Standard List,4073.659005,UH_HKGR_0256,150.0
1.6102294312858998,2.4239665157231083,4.8232423001692,JKL3,1000000.0,,1.4242509201504854,2.0227290288443407,4.9494745851853885,Corporate,Low Value Low Volume,Standard List,5577.362024,UH_HKGR_0261,152.0
1.6102294312858998,2.4239665157231083,4.8232423001692,GHI11,1000000.0,,1.4242509201504854,2.0227290288443407,4.9494745851853885,Corporate,Low Value Low Volume,Standard List,7619.8531920000005,UH_HKGR_0263,153.0
1.6102294312858998,2.4239665157231083,4.8232423001692,GHI14,1000000.0,,1.4242509201504854,2.0227290288443407,4.9494745851853885,Corporate,Low Value Low Volume,Standard List,6699.116151,UH_HKGR_0263,154.0
1.6102294312858998,2.4239665157231083,4.8232423001692,GHI13,1000000.0,,1.4242509201504854,2.0227290288443407,4.9494745851853885,Corporate,Low Value Low Volume,Standard List,7375.978025,UH_HKGR_0265,155.0
1.6102294312858998,2.4239665157231083,4.8232423001692,GHI7,1000000.0,,1.4242509201504854,2.0227290288443407,4.9494745851853885,Corporate,Low Value Low Volume,Standard List,6759.462691000001,UH_HKGR_0270,157.0
1.6102294312858998,2.4239665157231083,4.8232423001692,JKL6,1000000.0,,1.4242509201504854,2.0227290288443407,4.9494745851853885,Corporate,Low Value Low Volume,Standard List,7219.691804,UH_HKGR_0270,158.0
1.6102294312858998,2.4239665157231083,4.8232423001692,GHI13,1000000.0,,1.4242509201504854,2.0227290288443407,4.9494745851853885,Corporate,Low Value Low Volume,Standard List,7535.796138,UH_HKGR_0278,159.0
1.6102294312858998,2.4239665157231083,4.8232423001692,GHI11,1000000.0,,1.4242509201504854,2.0227290288443407,4.9494745851853885,Corporate,Low Value Low Volume,Standard List,5553.269475,UH_HKGR_0280,160.0
1.6102294312858998,2.4239665157231083,4.8232423001692,GHI16,1000000.0,,1.4242509201504854,2.0227290288443407,4.9494745851853885,Corporate,Low Value Low Volume,Standard List,4805.7697610000005,UH_HKGR_0282,162.0
1.6102294312858998,2.4239665157231083,4.8232423001692,GHI16,1000000.0,,1.4242509201504854,2.0227290288443407,4.9494745851853885,Corporate,Low Value Low Volume,Standard List,7863.252982,UH_HKGR_0284,163.0
1.6102294312858998,2.4239665157231083,4.8232423001692,GHI17,1000000.0,,1.4242509201504854,2.0227290288443407,4.9494745851853885,Corporate,Low Value Low Volume,Standard List,7976.913182,UH_HKGR_0296,167.0
1.6102294312858998,2.4239665157231083,4.8232423001692,GHI9,1000000.0,,1.4242509201504854,2.0227290288443407,4.9494745851853885,Corporate,Low Value Low Volume,Standard List,53120.74888466666,UH_HKGR_0450,170.0
1.6102294312858998,2.4239665157231083,4.8232423001692,GHI8,1000000.0,,1.4242509201504854,2.0227290288443407,4.9494745851853885,Corporate,Low Value Low Volume,Standard List,59071.818719333336,UH_HKGR_0456,171.0
1.6102294312858998,2.4239665157231083,4.8232423001692,GHI2,1000000.0,,1.4242509201504854,2.0227290288443407,4.9494745851853885,Corporate,Low Value Low Volume,Standard List,56986.636543,UH_HKGR_0459,172.0
1.6102294312858998,2.4239665157231083,4.8232423001692,GHI8,1000000.0,,1.4242509201504854,2.0227290288443407,4.9494745851853885,Corporate,Low Value Low Volume,Standard List,88512.59811566667,UH_HKGR_0479,184.0
1.6102294312858998,2.4239665157231083,4.8232423001692,JKL7,1000000.0,,1.4242509201504854,2.0227290288443407,4.9494745851853885,Corporate,Low Value Low Volume,Standard List,68141.63328266666,UH_HKGR_0483,186.0
1.6102294312858998,2.4239665157231083,4.8232423001692,JKL2,1000000.0,,1.4242509201504854,2.0227290288443407,4.9494745851853885,Corporate,Low Value Low Volume,Standard List,56570.93967433334,UH_HKGR_0485,187.0
1.6102294312858998,2.4239665157231083,4.8232423001692,GHI7,1000000.0,,1.4242509201504854,2.0227290288443407,4.9494745851853885,Corporate,Low Value Low Volume,Standard List,36631.10197066666,UH_HKGR_0488,190.0
1.6102294312858998,2.4239665157231083,4.8232423001692,GHI1,1000000.0,,1.4242509201504854,2.0227290288443407,4.9494745851853885,Corporate,Low Value Low Volume,Standard List,48898.883117,UH_HKGR_0494,191.0
1.6102294312858998,2.4239665157231083,4.8232423001692,JKL1,1000000.0,,1.4242509201504854,2.0227290288443407,4.9494745851853885,Corporate,Low Value Low Volume,Standard List,49297.265563,UH_HKGR_0494,192.0
1.6102294312858998,2.4239665157231083,4.8232423001692,DEF10,1000000.0,,1.4242509201504854,2.0227290288443407,4.9494745851853885,Corporate,Low Value Low Volume,Standard List,42745.94227366667,UH_HKGR_0496,193.0
1.6102294312858998,2.4239665157231083,4.8232423001692,GHI18,1000000.0,,1.4242509201504854,2.0227290288443407,4.9494745851853885,Corporate,Low Value Low Volume,Standard List,68363.01817033334,UH_HKGR_0497,195.0
1.6102294312858998,2.4239665157231083,4.8232423001692,JKL5,1000000.0,,1.4242509201504854,2.0227290288443407,4.9494745851853885,Corporate,Low Value Low Volume,Standard List,80147.146682,UH_HKGR_0498,196.0
1.6102294312858998,2.4239665157231083,4.8232423001692,DEF8,1000000.0,,1.4242509201504854,2.0227290288443407,4.9494745851853885,Corporate,Low Value Low Volume,Standard List,981.739837,UH_HKGR_0501,197.0
1.6102294312858998,2.4239665157231083,4.8232423001692,JKL9,1000000.0,,1.4242509201504854,2.0227290288443407,4.9494745851853885,Corporate,Low Value Low Volume,Standard List,4196.1721735,UH_HKGR_0501,198.0
1.6102294312858998,2.4239665157231083,4.8232423001692,GHI1,1000000.0,,1.4242509201504854,2.0227290288443407,4.9494745851853885,Corporate,Low Value Low Volume,Standard List,170004.467945,UH_HKGR_0537,205.0
1.6102294312858998,2.4239665157231083,4.8232423001692,DEF1,1000000.0,,1.4242509201504854,2.0227290288443407,4.9494745851853885,Corporate,Low Value Low Volume,Standard List,1230055.23666,UH_HKGR_0567,210.0
1.6102294312858998,2.4239665157231083,4.8232423001692,GHI18,1000000.0,,1.4242509201504854,2.0227290288443407,4.9494745851853885,Corporate,Low Value Low Volume,Standard List,127767.202212,UH_HKGR_0567,211.0
1.6102294312858998,2.4239665157231083,4.8232423001692,JKL9,1000000.0,,1.4242509201504854,2.0227290288443407,4.9494745851853885,Corporate,Low Value Low Volume,Standard List,264366.783343,UH_HKGR_0574,214.0
1.6102294312858998,2.4239665157231083,4.8232423001692,JKL2,1000000.0,,1.4242509201504854,2.0227290288443407,4.9494745851853885,Corporate,Low Value Low Volume,Standard List,118024.0236932,UH_HKGR_0579,218.0
1.6102294312858998,2.4239665157231083,4.8232423001692,JKL1,1000000.0,,1.4242509201504854,2.0227290288443407,4.9494745851853885,Corporate,Low Value Low Volume,Standard List,207961.711269,UH_HKGR_0593,220.0
1.6102294312858998,2.4239665157231083,4.8232423001692,DEF7,1000000.0,,1.4242509201504854,2.0227290288443407,4.9494745851853885,Corporate,Low Value Low Volume,Standard List,236539.71744900002,UH_HKGR_0594,222.0
1.6102294312858998,2.4239665157231083,4.8232423001692,GHI1,1000000.0,,1.4242509201504854,2.0227290288443407,4.9494745851853885,Corporate,Low Value Low Volume,Standard List,363253.073976,UH_HKGR_0594,223.0
1.6102294312858998,2.4239665157231083,4.8232423001692,GHI4,1000000.0,,1.4242509201504854,2.0227290288443407,4.9494745851853885,Corporate,Low Value Low Volume,Standard List,219660.0111276667,UH_HKGR_0615,225.0
1.6102294312858998,2.4239665157231083,4.8232423001692,GHI20,1000000.0,,1.4242509201504854,2.0227290288443407,4.9494745851853885,Corporate,Low Value Low Volume,Standard List,237409.491514,UH_HKGR_0633,227.0
1.6102294312858998,2.4239665157231083,4.8232423001692,DEF7,1000000.0,,1.4242509201504854,2.0227290288443407,4.9494745851853885,Corporate,Low Value Low Volume,Standard List,108987.375614,UH_HKGR_0634,228.0
1.6102294312858998,2.4239665157231083,4.8232423001692,DEF9,1000000.0,,1.4242509201504854,2.0227290288443407,4.9494745851853885,Corporate,Low Value Low Volume,Standard List,93189.76230900001,UH_HKGR_0634,229.0
1.6102294312858998,2.4239665157231083,4.8232423001692,GHI5,4.065738214080174,90732.111428,1.4242509201504854,2.0227290288443407,4.9494745851853885,Corporate,Low Value Low Volume,Standard List,368893.012677,UH_HKGR_0635,230.0
1.6102294312858998,2.4239665157231083,4.8232423001692,GHI5,1000000.0,,1.4242509201504854,2.0227290288443407,4.9494745851853885,Corporate,Low Value Low Volume,Standard List,477665.97892,UH_HKGR_0652,232.0
1.6102294312858998,2.4239665157231083,4.8232423001692,JKL3,1000000.0,,1.4242509201504854,2.0227290288443407,4.9494745851853885,Corporate,Low Value Low Volume,Standard List,390035.66329,UH_HKGR_0652,233.0
1.6102294312858998,2.4239665157231083,4.8232423001692,DEF6,2.8629232639251216,83107.132364,1.4242509201504854,2.0227290288443407,4.9494745851853885,Corporate,Low Value Low Volume,Standard List,237929.342643,UH_HKGR_0655,234.0
1.6102294312858998,2.4239665157231083,4.8232423001692,DEF6,1000000.0,,1.4242509201504854,2.0227290288443407,4.9494745851853885,Corporate,Low Value Low Volume,Standard List,126870.984617,UH_HKGR_0675,237.0
1.6102294312858998,2.4239665157231083,4.8232423001692,JKL4,1000000.0,,1.4242509201504854,2.0227290288443407,4.9494745851853885,Corporate,Low Value Low Volume,Standard List,314932.01203700004,UH_HKGR_0677,238.0
1.6102294312858998,2.4239665157231083,4.8232423001692,GHI6,1000000.0,,1.4242509201504854,2.0227290288443407,4.9494745851853885,Corporate,Low Value Low Volume,Standard List,548631.7734610001,UH_HKGR_0678,239.0
1.6102294312858998,2.4239665157231083,4.8232423001692,DEF7,1000000.0,,1.4242509201504854,2.0227290288443407,4.9494745851853885,Corporate,Low Value Low Volume,Standard List,417742.73088750005,UH_HKGR_0693,241.0
1.6102294312858998,2.4239665157231083,4.8232423001692,GHI18,1000000.0,,1.4242509201504854,2.0227290288443407,4.9494745851853885,Corporate,Low Value Low Volume,Standard List,467282.430056,UH_HKGR_0700,242.0
1.6102294312858998,2.4239665157231083,4.8232423001692,DEF8,1000000.0,,1.4242509201504854,2.0227290288443407,4.9494745851853885,Corporate,Low Value Low Volume,Standard List,197310.029553,UH_HKGR_0701,244.0
1.6102294312858998,2.4239665157231083,4.8232423001692,GHI5,1000000.0,,1.4242509201504854,2.0227290288443407,4.9494745851853885,Corporate,Low Value Low Volume,Standard List,181137.496085,UH_HKGR_0705,248.0
1.6102294312858998,2.4239665157231083,4.8232423001692,GHI6,1000000.0,,1.4242509201504854,2.0227290288443407,4.9494745851853885,Corporate,Low Value Low Volume,Standard List,237246.8755735,UH_HKGR_0705,249.0
1.6102294312858998,2.4239665157231083,4.8232423001692,JKL8,1000000.0,,1.4242509201504854,2.0227290288443407,4.9494745851853885,Corporate,Low Value Low Volume,Standard List,71486.124775,UH_HKGR_0724,251.0
1.6102294312858998,2.4239665157231083,4.8232423001692,JKL7,1000000.0,,1.4242509201504854,2.0227290288443407,4.9494745851853885,Corporate,Low Value Low Volume,Standard List,283857.655484,UH_HKGR_0739,253.0
1.6102294312858998,2.4239665157231083,4.8232423001692,DEF2,1000000.0,,1.4242509201504854,2.0227290288443407,4.9494745851853885,Corporate,Low Value Low Volume,Standard List,2246028.247515,UH_HKGR_0748,254.0
1.6102294312858998,2.4239665157231083,4.8232423001692,DEF7,1000000.0,,1.4242509201504854,2.0227290288443407,4.9494745851853885,Corporate,Low Value Low Volume,Standard List,584099.757956,UH_HKGR_0757,257.0
1.6102294312858998,2.4239665157231083,4.8232423001692,GHI2,1000000.0,,1.4242509201504854,2.0227290288443407,4.9494745851853885,Corporate,Low Value Low Volume,Standard List,261168.46516600004,UH_HKGR_0766,258.0
1.6102294312858998,2.4239665157231083,4.8232423001692,GHI5,1000000.0,,1.4242509201504854,2.0227290288443407,4.9494745851853885,Corporate,Low Value Low Volume,Standard List,67689.593153,UH_HKGR_0766,259.0
1.6102294312858998,2.4239665157231083,4.8232423001692,JKL7,1000000.0,,1.4242509201504854,2.0227290288443407,4.9494745851853885,Corporate,Low Value Low Volume,Standard List,203261.898268,UH_HKGR_0796,260.0
1.6102294312858998,2.4239665157231083,4.8232423001692,GHI3,1000000.0,,1.4242509201504854,2.0227290288443407,4.9494745851853885,Corporate,Low Value Low Volume,Standard List,334142.463278,UH_HKGR_0797,261.0
1.6102294312858998,2.4239665157231083,4.8232423001692,GHI9,1000000.0,,1.4242509201504854,2.0227290288443407,4.9494745851853885,Corporate,Low Value Low Volume,Standard List,179527.43016550003,UH_HKGR_0797,262.0
1.6102294312858998,2.4239665157231083,4.8232423001692,GHI5,1000000.0,,1.4242509201504854,2.0227290288443407,4.9494745851853885,Corporate,Low Value Low Volume,Standard List,182659.8832185,UH_HKGR_0813,264.0
1.6102294312858998,2.4239665157231083,4.8232423001692,JKL1,1000000.0,,1.4242509201504854,2.0227290288443407,4.9494745851853885,Corporate,Low Value Low Volume,Standard List,100242.670632,UH_HKGR_0836,267.0
1.6102294312858998,2.4239665157231083,4.8232423001692,GHI16,1000000.0,,1.4242509201504854,2.0227290288443407,4.9494745851853885,Corporate,Low Value Low Volume,Standard List,347589.86543733336,UH_HKGR_0856,269.0
1.6102294312858998,2.4239665157231083,4.8232423001692,GHI5,1000000.0,,1.4242509201504854,2.0227290288443407,4.9494745851853885,Corporate,Low Value Low Volume,Standard List,255325.59624,UH_HKGR_0872,270.0
1.6102294312858998,2.4239665157231083,4.8232423001692,GHI11,1000000.0,,1.4242509201504854,2.0227290288443407,4.9494745851853885,Corporate,Low Value Low Volume,Standard List,266697.3717633334,UH_HKGR_0887,271.0
1.6102294312858998,2.4239665157231083,4.8232423001692,JKL3,1000000.0,,1.4242509201504854,2.0227290288443407,4.9494745851853885,Corporate,Low Value Low Volume,Standard List,88353.179577,UH_HKGR_0887,272.0
1.6102294312858998,2.4239665157231083,4.8232423001692,JKL4,1000000.0,,1.4242509201504854,2.0227290288443407,4.9494745851853885,Corporate,Low Value Low Volume,Standard List,132835.25892,UH_HKGR_0904,274.0
1.6102294312858998,2.4239665157231083,4.8232423001692,GHI13,1000000.0,,1.4242509201504854,2.0227290288443407,4.9494745851853885,Corporate,Low Value Low Volume,Standard List,480200.79746800003,UH_HKGR_0938,277.0
1.6102294312858998,2.4239665157231083,4.8232423001692,DEF7,1000000.0,,1.4242509201504854,2.0227290288443407,4.9494745851853885,Corporate,Low Value Low Volume,Standard List,97015.507335,UH_HKGR_0966,279.0
1.6102294312858998,2.4239665157231083,4.8232423001692,GHI16,6.270474316142647,68134.46765600001,1.4242509201504854,2.0227290288443407,4.9494745851853885,Corporate,Low Value Low Volume,Standard List,427235.429481,UH_HKGR_0968,280.0
1.6102294312858998,2.4239665157231083,4.8232423001692,GHI9,1000000.0,,1.4242509201504854,2.0227290288443407,4.9494745851853885,Corporate,Low Value Low Volume,Standard List,635879.186761,UH_HKGR_0968,281.0
1.6102294312858998,2.4239665157231083,4.8232423001692,GHI7,1000000.0,,1.4242509201504854,2.0227290288443407,4.9494745851853885,Corporate,Low Value Low Volume,Standard List,239739.53112200001,UH_HKGR_0971,282.0
1.6102294312858998,2.4239665157231083,4.8232423001692,JKL2,1000000.0,,1.4242509201504854,2.0227290288443407,4.9494745851853885,Corporate,Low Value Low Volume,Standard List,130206.178232,UH_HKGR_0971,283.0
1.6102294312858998,2.4239665157231083,4.8232423001692,JKL7,1000000.0,,1.4242509201504854,2.0227290288443407,4.9494745851853885,Corporate,Low Value Low Volume,Standard List,236193.069424,UH_HKGR_0975,284.0
1.6102294312858998,2.4239665157231083,4.8232423001692,GHI12,1000000.0,,1.4242509201504854,2.0227290288443407,4.9494745851853885,Corporate,Low Value Low Volume,Standard List,181003.653954,UH_HKGR_0984,285.0
1.6102294312858998,2.4239665157231083,4.8232423001692,GHI5,1000000.0,,1.4242509201504854,2.0227290288443407,4.9494745851853885,Corporate,Low Value Low Volume,Standard List,162013.4053295,UH_HKGR_0985,286.0
2.3781055212027016,4.857500159958834,12.130118637581324,GHI5,1000000.0,,2.3764643553792486,4.857926768470231,11.258009185429698,Individual,High Value High Volume,Standard List,3860.904558333333,UH_HKGR_0046,415.0
2.3781055212027016,4.857500159958834,12.130118637581324,ABC3,1000000.0,,2.3764643553792486,4.857926768470231,11.258009185429698,Individual,High Value High Volume,Standard List,75783.5,UH_HKGR_0228,417.0
2.3781055212027016,4.857500159958834,12.130118637581324,GHI6,1000000.0,,2.3764643553792486,4.857926768470231,11.258009185429698,Individual,High Value High Volume,Standard List,26949.723489,UH_HKGR_0238,418.0
2.3781055212027016,4.857500159958834,12.130118637581324,ABC9,1000000.0,,2.3764643553792486,4.857926768470231,11.258009185429698,Individual,High Value High Volume,Standard List,214732.86015,UH_HKGR_0239,419.0
2.3781055212027016,4.857500159958834,12.130118637581324,ABC9,1000000.0,,2.3764643553792486,4.857926768470231,11.258009185429698,Individual,High Value High Volume,Standard List,70115.65363,UH_HKGR_0240,420.0
2.3781055212027016,4.857500159958834,12.130118637581324,ABC10,1000000.0,,2.3764643553792486,4.857926768470231,11.258009185429698,Individual,High Value High Volume,Standard List,93723.44550999999,UH_HKGR_0248,423.0
7.199038076152305,9.588469344829344,26.576212179108982,GHI4,1000000.0,,6.472434016516853,8.64297750705245,10.095382510124454,Individual,High Value Low Volume,Standard List,67156.277461,UH_HKGR_0082,435.0
7.199038076152305,9.588469344829344,26.576212179108982,GHI9,1000000.0,,6.472434016516853,8.64297750705245,10.095382510124454,Individual,High Value Low Volume,Standard List,9811.722115,UH_HKGR_0084,436.0
7.199038076152305,9.588469344829344,26.576212179108982,ABC5,1000000.0,,6.472434016516853,8.64297750705245,10.095382510124454,Individual,High Value Low Volume,Standard List,43026.0,UH_HKGR_0094,438.0
2.9391024108628008,5.172914423386207,20.356302282716573,ABC1,18.551103195804888,3369.0,2.9300629030291785,5.181655397644528,20.309847198641766,Individual,Low Value High Volume,Standard List,62498.666666666664,UH_HKGR_0014,448.0
2.9391024108628008,5.172914423386207,20.356302282716573,ABC8,1000000.0,,2.9300629030291785,5.181655397644528,20.309847198641766,Individual,Low Value High Volume,Standard List,132248.45110666667,UH_HKGR_0020,450.0
2.9391024108628008,5.172914423386207,20.356302282716573,DEF8,1000000.0,,2.9300629030291785,5.181655397644528,20.309847198641766,Individual,Low Value High Volume,Standard List,625.7335326666667,UH_HKGR_0036,451.0
2.9391024108628008,5.172914423386207,20.356302282716573,ABC4,1000000.0,,2.9300629030291785,5.181655397644528,20.309847198641766,Individual,Low Value High Volume,Standard List,10766.666666666666,UH_HKGR_0043,453.0
2.9391024108628008,5.172914423386207,20.356302282716573,GHI1,1000000.0,,2.9300629030291785,5.181655397644528,20.309847198641766,Individual,Low Value High Volume,Standard List,3383.6786749999997,UH_HKGR_0045,454.0
2.66334979414426,8.931213291708556,46.75255623721881,GHI4,1000000.0,,2.3663662065896416,8.931213291708556,50.48190789473684,Individual,Low Value Low Volume,Standard List,278.514912,UH_HKGR_0100,466.0
2.66334979414426,8.931213291708556,46.75255623721881,ABC6,1000000.0,,2.3663662065896416,8.931213291708556,50.48190789473684,Individual,Low Value Low Volume,Standard List,155540.66604,UH_HKGR_0102,467.0
2.66334979414426,8.931213291708556,46.75255623721881,ABC1,1000000.0,,2.3663662065896416,8.931213291708556,50.48190789473684,Individual,Low Value Low Volume,Standard List,93494.0,UH_HKGR_0118,469.0
2.66334979414426,8.931213291708556,46.75255623721881,DEF6,1000000.0,,2.3663662065896416,8.931213291708556,50.48190789473684,Individual,Low Value Low Volume,Standard List,4975.174438,UH_HKGR_0120,470.0
2.66334979414426,8.931213291708556,46.75255623721881,DEF1,1000000.0,,2.3663662065896416,8.931213291708556,50.48190789473684,Individual,Low Value Low Volume,Standard List,17091.37482,UH_HKGR_0133,472.0
2.66334979414426,8.931213291708556,46.75255623721881,ABC1,1000000.0,,2.3663662065896416,8.931213291708556,50.48190789473684,Individual,Low Value Low Volume,Standard List,30821.0,UH_HKGR_0138,474.0
2.66334979414426,8.931213291708556,46.75255623721881,GHI9,1000000.0,,2.3663662065896416,8.931213291708556,50.48190789473684,Individual,Low Value Low Volume,Standard List,56.257994000000004,UH_HKGR_0139,475.0
2.66334979414426,8.931213291708556,46.75255623721881,DEF6,1000000.0,,2.3663662065896416,8.931213291708556,50.48190789473684,Individual,Low Value Low Volume,Standard List,3099.992064,UH_HKGR_0141,477.0
2.66334979414426,8.931213291708556,46.75255623721881,ABC3,1000000.0,,2.3663662065896416,8.931213291708556,50.48190789473684,Individual,Low Value Low Volume,Standard List,19749.0,UH_HKGR_0143,478.0
2.66334979414426,8.931213291708556,46.75255623721881,DEF6,1000000.0,,2.3663662065896416,8.931213291708556,50.48190789473684,Individual,Low Value Low Volume,Standard List,3440.567364,UH_HKGR_0156,482.0
2.66334979414426,8.931213291708556,46.75255623721881,DEF5,1000000.0,,2.3663662065896416,8.931213291708556,50.48190789473684,Individual,Low Value Low Volume,Standard List,117768.03027,UH_HKGR_0169,486.0
2.66334979414426,8.931213291708556,46.75255623721881,ABC2,1000000.0,,2.3663662065896416,8.931213291708556,50.48190789473684,Individual,Low Value Low Volume,Standard List,13274.0,UH_HKGR_0176,487.0
2.66334979414426,8.931213291708556,46.75255623721881,DEF4,1000000.0,,2.3663662065896416,8.931213291708556,50.48190789473684,Individual,Low Value Low Volume,Standard List,34799.63578,UH_HKGR_0177,488.0
2.66334979414426,8.931213291708556,46.75255623721881,GHI7,1000000.0,,2.3663662065896416,8.931213291708556,50.48190789473684,Individual,Low Value Low Volume,Standard List,10902.824465,UH_HKGR_0187,490.0
2.66334979414426,8.931213291708556,46.75255623721881,GHI1,1000000.0,,2.3663662065896416,8.931213291708556,50.48190789473684,Individual,Low Value Low Volume,Standard List,5306.415452,UH_HKGR_0190,491.0
2.66334979414426,8.931213291708556,46.75255623721881,GHI4,1000000.0,,2.3663662065896416,8.931213291708556,50.48190789473684,Individual,Low Value Low Volume,Standard List,7060.378247,UH_HKGR_0192,492.0
2.66334979414426,8.931213291708556,46.75255623721881,GHI1,1000000.0,,2.3663662065896416,8.931213291708556,50.48190789473684,Individual,Low Value Low Volume,Standard List,4328.585924,UH_HKGR_0193,493.0
2.66334979414426,8.931213291708556,46.75255623721881,ABC7,1000000.0,,2.3663662065896416,8.931213291708556,50.48190789473684,Individual,Low Value Low Volume,Standard List,15265.1625,UH_HKGR_0197,494.0
2.66334979414426,8.931213291708556,46.75255623721881,DEF4,1000000.0,,2.3663662065896416,8.931213291708556,50.48190789473684,Individual,Low Value Low Volume,Standard List,27525.403739999998,UH_HKGR_0200,495.0
1.2609284684807058,1.5125200472678255,2.4278431874506468,GHI4,1000000.0,,1.296415300018679,1.5936879648565316,4.547024182890633,Corporate,High Value High Volume,Watch List,183778.4823434444,UH_HKGR_0306,44.0
1.2609284684807058,1.5125200472678255,2.4278431874506468,JKL1,1000000.0,,1.296415300018679,1.5936879648565316,4.547024182890633,Corporate,High Value High Volume,Watch List,186499.58088233334,UH_HKGR_0316,46.0
1.2609284684807058,1.5125200472678255,2.4278431874506468,JKL2,1.7734876731514373,81519.55986488888,1.296415300018679,1.5936879648565316,4.547024182890633,Corporate,High Value High Volume,Watch List,144573.93454111108,UH_HKGR_0319,47.0
1.2609284684807058,1.5125200472678255,2.4278431874506468,JKL2,1.3517331514278488,135472.55355155558,1.296415300018679,1.5936879648565316,4.547024182890633,Corporate,High Value High Volume,Watch List,183122.74174422224,UH_HKGR_0359,50.0
1.2609284684807058,1.5125200472678255,2.4278431874506468,JKL5,1000000.0,,1.296415300018679,1.5936879648565316,4.547024182890633,Corporate,High Value High Volume,Watch List,150906.34221122225,UH_HKGR_0361,51.0
1.2609284684807058,1.5125200472678255,2.4278431874506468,GHI8,1000000.0,,1.296415300018679,1.5936879648565316,4.547024182890633,Corporate,High Value High Volume,Watch List,32281.647049888892,UH_HKGR_0375,53.0
1.2609284684807058,1.5125200472678255,2.4278431874506468,GHI19,1000000.0,,1.296415300018679,1.5936879648565316,4.547024182890633,Corporate,High Value High Volume,Watch List,223017.37207066666,UH_HKGR_0399,55.0
1.2609284684807058,1.5125200472678255,2.4278431874506468,GHI5,1000000.0,,1.296415300018679,1.5936879648565316,4.547024182890633,Corporate,High Value High Volume,Watch List,220303.21065633337,UH_HKGR_0402,56.0
1.4513295686354826,1.8364611833058877,4.38821973444914,JKL3,2.118678892830252,273901.6371666666,1.3132236521963379,1.6126506829832945,4.907493505203759,Corporate,High Value Low Volume,Watch List,580309.6173766666,UH_HKGR_0400,114.0
1.4513295686354826,1.8364611833058877,4.38821973444914,GHI16,1000000.0,,1.3132236521963379,1.6126506829832945,4.907493505203759,Corporate,High Value Low Volume,Watch List,292459.49435733334,UH_HKGR_0408,115.0
1.4513295686354826,1.8364611833058877,4.38821973444914,GHI1,1000000.0,,1.3132236521963379,1.6126506829832945,4.907493505203759,Corporate,High Value Low Volume,Watch List,332754.2194903334,UH_HKGR_0420,116.0
1.4513295686354826,1.8364611833058877,4.38821973444914,GHI9,1000000.0,,1.3132236521963379,1.6126506829832945,4.907493505203759,Corporate,High Value Low Volume,Watch List,363832.3883566666,UH_HKGR_0430,119.0
1.4513295686354826,1.8364611833058877,4.38821973444914,JKL2,1000000.0,,1.3132236521963379,1.6126506829832945,4.907493505203759,Corporate,High Value Low Volume,Watch List,317431.52651166666,UH_HKGR_0442,121.0
1.4513295686354826,1.8364611833058877,4.38821973444914,GHI17,1000000.0,,1.3132236521963379,1.6126506829832945,4.907493505203759,Corporate,High Value Low Volume,Watch List,128660.644749,UH_HKGR_0565,124.0
1.4513295686354826,1.8364611833058877,4.38821973444914,DEF5,2.0102048665375603,1636238.37544,1.3132236521963379,1.6126506829832945,4.907493505203759,Corporate,High Value Low Volume,Watch List,3289174.345125,UH_HKGR_0778,125.0
1.4513295686354826,1.8364611833058877,4.38821973444914,GHI17,1000000.0,,1.3132236521963379,1.6126506829832945,4.907493505203759,Corporate,High Value Low Volume,Watch List,295654.174764,UH_HKGR_0778,126.0
1.4513295686354826,1.8364611833058877,4.38821973444914,GHI10,1000000.0,,1.3132236521963379,1.6126506829832945,4.907493505203759,Corporate,High Value Low Volume,Watch List,74138.750719,UH_HKGR_0781,127.0
1.4513295686354826,1.8364611833058877,4.38821973444914,DEF8,1000000.0,,1.3132236521963379,1.6126506829832945,4.907493505203759,Corporate,High Value Low Volume,Watch List,188306.60615,UH_HKGR_0890,128.0
1.4513295686354826,1.8364611833058877,4.38821973444914,GHI9,1000000.0,,1.3132236521963379,1.6126506829832945,4.907493505203759,Corporate,High Value Low Volume,Watch List,156335.552625,UH_HKGR_0890,129.0
1.6102294312858998,2.4239665157231083,4.8232423001692,JKL10,1000000.0,,1.4242509201504854,2.0227290288443407,4.9494745851853885,Corporate,Low Value Low Volume,Watch List,6539.928733,UH_HKGR_0253,290.0
1.6102294312858998,2.4239665157231083,4.8232423001692,GHI19,1000000.0,,1.4242509201504854,2.0227290288443407,4.9494745851853885,Corporate,Low Value Low Volume,Watch List,5872.878600000001,UH_HKGR_0272,294.0
1.6102294312858998,2.4239665157231083,4.8232423001692,GHI6,1000000.0,,1.4242509201504854,2.0227290288443407,4.9494745851853885,Corporate,Low Value Low Volume,Watch List,7852.011116000001,UH_HKGR_0275,296.0
1.6102294312858998,2.4239665157231083,4.8232423001692,JKL3,1000000.0,,1.4242509201504854,2.0227290288443407,4.9494745851853885,Corporate,Low Value Low Volume,Watch List,5599.057932,UH_HKGR_0277,297.0
1.6102294312858998,2.4239665157231083,4.8232423001692,GHI4,1000000.0,,1.4242509201504854,2.0227290288443407,4.9494745851853885,Corporate,Low Value Low Volume,Watch List,95774.97773466668,UH_HKGR_0495,305.0
1.6102294312858998,2.4239665157231083,4.8232423001692,JKL2,1000000.0,,1.4242509201504854,2.0227290288443407,4.9494745851853885,Corporate,Low Value Low Volume,Watch List,3423.839432,UH_HKGR_0509,307.0
1.6102294312858998,2.4239665157231083,4.8232423001692,GHI9,1000000.0,,1.4242509201504854,2.0227290288443407,4.9494745851853885,Corporate,Low Value Low Volume,Watch List,92992.88772233335,UH_HKGR_0524,309.0
1.6102294312858998,2.4239665157231083,4.8232423001692,DEF2,2.817183586732821,826820.86487,1.4242509201504854,2.0227290288443407,4.9494745851853885,Corporate,Low Value Low Volume,Watch List,2329306.16968,UH_HKGR_0570,311.0
1.6102294312858998,2.4239665157231083,4.8232423001692,JKL5,1000000.0,,1.4242509201504854,2.0227290288443407,4.9494745851853885,Corporate,Low Value Low Volume,Watch List,216280.99385300002,UH_HKGR_0637,312.0
1.6102294312858998,2.4239665157231083,4.8232423001692,DEF1,2.5793341783920094,1007339.63715,1.4242509201504854,2.0227290288443407,4.9494745851853885,Corporate,Low Value Low Volume,Watch List,2598265.55535,UH_HKGR_0751,316.0
1.6102294312858998,2.4239665157231083,4.8232423001692,GHI5,1000000.0,,1.4242509201504854,2.0227290288443407,4.9494745851853885,Corporate,Low Value Low Volume,Watch List,565915.938133,UH_HKGR_0751,317.0
1.6102294312858998,2.4239665157231083,4.8232423001692,GHI17,1000000.0,,1.4242509201504854,2.0227290288443407,4.9494745851853885,Corporate,Low Value Low Volume,Watch List,95904.616951,UH_HKGR_0780,319.0
1.6102294312858998,2.4239665157231083,4.8232423001692,JKL7,1000000.0,,1.4242509201504854,2.0227290288443407,4.9494745851853885,Corporate,Low Value Low Volume,Watch List,492382.02850200003,UH_HKGR_0780,320.0
1.6102294312858998,2.4239665157231083,4.8232423001692,JKL2,1000000.0,,1.4242509201504854,2.0227290288443407,4.9494745851853885,Corporate,Low Value Low Volume,Watch List,65845.693251,UH_HKGR_0842,323.0
1.6102294312858998,2.4239665157231083,4.8232423001692,GHI3,1000000.0,,1.4242509201504854,2.0227290288443407,4.9494745851853885,Corporate,Low Value Low Volume,Watch List,123950.109933,UH_HKGR_0843,325.0
1.6102294312858998,2.4239665157231083,4.8232423001692,GHI20,1000000.0,,1.4242509201504854,2.0227290288443407,4.9494745851853885,Corporate,Low Value Low Volume,Watch List,265375.97116200003,UH_HKGR_0858,326.0
1.6102294312858998,2.4239665157231083,4.8232423001692,JKL10,1000000.0,,1.4242509201504854,2.0227290288443407,4.9494745851853885,Corporate,Low Value Low Volume,Watch List,194147.9358,UH_HKGR_0861,328.0
1.6102294312858998,2.4239665157231083,4.8232423001692,JKL2,1000000.0,,1.4242509201504854,2.0227290288443407,4.9494745851853885,Corporate,Low Value Low Volume,Watch List,111294.29686999999,UH_HKGR_0871,329.0
1.6102294312858998,2.4239665157231083,4.8232423001692,DEF1,1.7601845859952667,1932948.052125,1.4242509201504854,2.0227290288443407,4.9494745851853885,Corporate,Low Value Low Volume,Watch List,3402345.36688,UH_HKGR_0929,330.0
1.6102294312858998,2.4239665157231083,4.8232423001692,GHI17,1000000.0,,1.4242509201504854,2.0227290288443407,4.9494745851853885,Corporate,Low Value Low Volume,Watch List,547549.973594,UH_HKGR_0929,331.0
1.6102294312858998,2.4239665157231083,4.8232423001692,GHI10,1000000.0,,1.4242509201504854,2.0227290288443407,4.9494745851853885,Corporate,Low Value Low Volume,Watch List,67910.71482,UH_HKGR_0943,333.0
1.6102294312858998,2.4239665157231083,4.8232423001692,GHI6,1000000.0,,1.4242509201504854,2.0227290288443407,4.9494745851853885,Corporate,Low Value Low Volume,Watch List,147691.356078,UH_HKGR_0978,334.0
2.3781055212027016,4.857500159958834,12.130118637581324,DEF2,1000000.0,,2.3764643553792486,4.857926768470231,11.258009185429698,Individual,High Value High Volume,Watch List,175255.67756999997,UH_HKGR_0214,425.0
2.3781055212027016,4.857500159958834,12.130118637581324,ABC3,1000000.0,,2.3764643553792486,4.857926768470231,11.258009185429698,Individual,High Value High Volume,Watch List,103198.5,UH_HKGR_0226,427.0
7.199038076152305,9.588469344829344,26.576212179108982,GHI9,1000000.0,,6.472434016516853,8.64297750705245,10.095382510124454,Individual,High Value Low Volume,Watch List,151369.32278,UH_HKGR_0067,441.0
7.199038076152305,9.588469344829344,26.576212179108982,ABC6,1000000.0,,6.472434016516853,8.64297750705245,10.095382510124454,Individual,High Value Low Volume,Watch List,1778236.16274,UH_HKGR_0096,442.0
2.9391024108628008,5.172914423386207,20.356302282716573,DEF1,1000000.0,,2.9300629030291785,5.181655397644528,20.309847198641766,Individual,Low Value High Volume,Watch List,151151.99144666665,UH_HKGR_0038,456.0
2.66334979414426,8.931213291708556,46.75255623721881,ABC6,2.9273274268653324,26165.326999999997,2.3663662065896416,8.931213291708556,50.48190789473684,Individual,Low Value Low Volume,Watch List,76594.47936,UH_HKGR_0105,497.0
2.66334979414426,8.931213291708556,46.75255623721881,DEF4,1000000.0,0.0,2.3663662065896416,8.931213291708556,50.48190789473684,Individual,Low Value Low Volume,Watch List,11035.562689999999,UH_HKGR_0128,499.0
