Qualitative_Segment,UnitHolderID,Total_Trade_Amount,Total_Trade_Count,Total_Trade_Days,Avg_Daily_Trade_Amount,Avg_Daily_Trade_Count
Corporate,UH_HKGR_0251,93234.001632,16,12,7769.500136,1.3333333333333333
Corporate,UH_HKGR_0252,154444.695181372,22,17,9084.982069492471,1.2941176470588236
Corporate,UH_HKGR_0253,67898.62733543999,13,12,5658.218944619999,1.0833333333333333
Corporate,UH_HKGR_0254,154275.47608564002,18,13,11867.344314280002,1.3846153846153846
Corporate,UH_HKGR_0255,159952.20868456998,25,18,8886.233815809443,1.3888888888888888
Corporate,UH_HKGR_0256,123814.358590538,22,15,8254.290572702534,1.4666666666666666
Corporate,UH_HKGR_0257,134650.177759,19,15,8976.678517266668,1.2666666666666666
Corporate,UH_HKGR_0258,100475.05741207999,14,13,7728.850570159999,1.0769230769230769
Corporate,UH_HKGR_0259,105566.70843404,14,13,8120.516033387693,1.0769230769230769
Corporate,UH_HKGR_0260,119303.67754642402,16,14,8521.691253316001,1.1428571428571428
Corporate,UH_HKGR_0261,106284.21128787998,19,18,5904.678404882221,1.0555555555555556
Corporate,UH_HKGR_0262,206590.80554698806,25,16,12911.925346686754,1.5625
Corporate,UH_HKGR_0263,76059.34647038601,17,14,5432.810462170429,1.2142857142857142
Corporate,UH_HKGR_0264,80454.47930988,15,12,6704.53994249,1.25
Corporate,UH_HKGR_0265,150831.94819412494,20,16,9426.996762132809,1.25
Corporate,UH_HKGR_0266,102358.98889161598,20,14,7311.356349401141,1.4285714285714286
Corporate,UH_HKGR_0267,141625.41436020198,25,19,7453.9691768527355,1.3157894736842106
Corporate,UH_HKGR_0268,71537.758055607,18,14,5109.839861114786,1.2857142857142858
Corporate,UH_HKGR_0269,107986.90015288001,18,15,7199.126676858667,1.2
Corporate,UH_HKGR_0270,70191.980967,10,9,7799.1089963333325,1.1111111111111112
Corporate,UH_HKGR_0271,157262.63497416794,22,15,10484.175664944529,1.4666666666666666
Corporate,UH_HKGR_0272,128548.048352412,19,15,8569.8698901608,1.2666666666666666
Corporate,UH_HKGR_0273,89237.514083865,15,13,6864.424160297307,1.1538461538461537
Corporate,UH_HKGR_0274,117617.373210188,19,15,7841.158214012534,1.2666666666666666
Corporate,UH_HKGR_0275,110849.155135,16,15,7389.943675666666,1.0666666666666667
Corporate,UH_HKGR_0276,125990.3717954,16,13,9691.567061184616,1.2307692307692308
Corporate,UH_HKGR_0277,73506.47429476,10,8,9188.309286845,1.25
Corporate,UH_HKGR_0278,60536.98412314201,13,12,5044.748676928501,1.0833333333333333
Corporate,UH_HKGR_0279,84762.48802078,20,16,5297.65550129875,1.25
Corporate,UH_HKGR_0280,125129.16038025799,20,16,7820.5725237661245,1.25
Corporate,UH_HKGR_0281,94820.9825352,16,12,7901.7485446,1.3333333333333333
Corporate,UH_HKGR_0282,127230.14595738801,20,13,9786.934304414463,1.5384615384615385
Corporate,UH_HKGR_0283,154172.33374206,22,14,11012.309553004286,1.5714285714285714
Corporate,UH_HKGR_0284,108540.16593020398,22,18,6030.009218344665,1.2222222222222223
Corporate,UH_HKGR_0285,67738.486403,10,10,6773.848640300001,1.0
Corporate,UH_HKGR_0286,71020.117465385,13,8,8877.514683173125,1.625
Corporate,UH_HKGR_0287,110993.35937527998,18,12,9249.446614606664,1.5
Corporate,UH_HKGR_0288,165470.81677504,23,18,9192.82315416889,1.2777777777777777
Corporate,UH_HKGR_0289,97239.43634835997,16,11,8839.948758941815,1.4545454545454546
Corporate,UH_HKGR_0290,164536.96879298403,24,16,10283.560549561502,1.5
Corporate,UH_HKGR_0291,69053.31866510402,14,12,5754.443222092002,1.1666666666666667
Corporate,UH_HKGR_0292,201776.961611283,21,16,12611.060100705188,1.3125
Corporate,UH_HKGR_0293,133680.12334171997,18,14,9548.580238694283,1.2857142857142858
Corporate,UH_HKGR_0294,92123.788729148,13,10,9212.3788729148,1.3
Corporate,UH_HKGR_0295,106855.69378085801,16,13,8219.668752373693,1.2307692307692308
Corporate,UH_HKGR_0296,132344.32039299997,19,18,7352.462244055554,1.0555555555555556
Corporate,UH_HKGR_0297,57143.97191316,8,8,7142.996489145,1.0
Corporate,UH_HKGR_0298,110952.64351875598,17,17,6526.626089338587,1.0
Corporate,UH_HKGR_0299,90546.52226416001,18,13,6965.117097243078,1.3846153846153846
Corporate,UH_HKGR_0300,20355112.328353796,126,12,1696259.3606961498,10.5
Corporate,UH_HKGR_0301,25317247.407594983,153,16,1582327.9629746864,9.5625
Corporate,UH_HKGR_0302,22474862.294234823,144,13,1728835.5610949865,11.076923076923077
Corporate,UH_HKGR_0303,23493229.635119442,162,12,1957769.1362599535,13.5
Corporate,UH_HKGR_0304,31030789.417473014,198,17,1825340.553969001,11.647058823529411
Corporate,UH_HKGR_0305,29260226.072249413,171,14,2090016.148017815,12.214285714285714
Corporate,UH_HKGR_0306,25085035.703914408,162,14,1791788.2645653149,11.571428571428571
Corporate,UH_HKGR_0307,19515143.51365398,117,10,1951514.351365398,11.7
Corporate,UH_HKGR_0308,25126401.98373164,162,12,2093866.8319776366,13.5
Corporate,UH_HKGR_0309,28503240.127414722,216,17,1676661.183965572,12.705882352941176
Corporate,UH_HKGR_0310,25056339.07641407,198,17,1473902.2986125925,11.647058823529411
Corporate,UH_HKGR_0311,14362861.707556,99,10,1436286.1707556,9.9
Corporate,UH_HKGR_0312,28317216.38192559,189,16,1769826.0238703494,11.8125
Corporate,UH_HKGR_0313,32905627.100257996,198,17,1935625.123544588,11.647058823529411
Corporate,UH_HKGR_0314,16253952.481884949,135,12,1354496.040157079,11.25
Corporate,UH_HKGR_0315,39555634.023581155,243,18,2197535.2235322865,13.5
Corporate,UH_HKGR_0316,26438052.46385854,171,17,1555179.5566975612,10.058823529411764
Corporate,UH_HKGR_0317,14533618.976453966,117,10,1453361.8976453966,11.7
Corporate,UH_HKGR_0318,30449342.130254786,225,19,1602596.9542239362,11.842105263157896
Corporate,UH_HKGR_0319,16305946.872263575,135,11,1482358.8065694158,12.272727272727273
Corporate,UH_HKGR_0320,21599475.477865268,144,12,1799956.2898221056,12.0
Corporate,UH_HKGR_0321,25634989.410306,180,15,1708999.2940204,12.0
Corporate,UH_HKGR_0322,19909753.651703,135,13,1531519.5116694616,10.384615384615385
Corporate,UH_HKGR_0323,21853428.069367323,153,16,1365839.2543354577,9.5625
Corporate,UH_HKGR_0324,19430821.94321159,126,12,1619235.1619342992,10.5
Corporate,UH_HKGR_0325,35553229.21463177,225,17,2091366.4243901044,13.235294117647058
Corporate,UH_HKGR_0326,14917416.66723672,99,11,1356128.7879306108,9.0
Corporate,UH_HKGR_0327,17372656.32647327,135,12,1447721.3605394391,11.25
Corporate,UH_HKGR_0328,21719697.589008376,153,12,1809974.7990840313,12.75
Corporate,UH_HKGR_0329,20461325.009396985,171,12,1705110.4174497488,14.25
Corporate,UH_HKGR_0330,34680507.682489,216,16,2167531.7301555625,13.5
Corporate,UH_HKGR_0331,13937803.112446042,90,9,1548644.7902717823,10.0
Corporate,UH_HKGR_0332,20729344.845872216,153,13,1594564.9881440166,11.76923076923077
Corporate,UH_HKGR_0333,18661532.27361161,144,11,1696502.9339646918,13.090909090909092
Corporate,UH_HKGR_0334,27839624.52843996,198,15,1855974.968562664,13.2
Corporate,UH_HKGR_0335,14643953.835813003,153,14,1045996.7025580716,10.928571428571429
Corporate,UH_HKGR_0336,17096591.21619158,144,13,1315122.401245506,11.076923076923077
Corporate,UH_HKGR_0337,21984081.169847958,135,13,1691083.1669113813,10.384615384615385
Corporate,UH_HKGR_0338,25631405.490429327,162,15,1708760.3660286218,10.8
Corporate,UH_HKGR_0339,20156957.15449797,117,10,2015695.715449797,11.7
Corporate,UH_HKGR_0340,14377971.216031194,117,12,1198164.2680025995,9.75
Corporate,UH_HKGR_0341,28449174.830767084,198,17,1673480.8723980638,11.647058823529411
Corporate,UH_HKGR_0342,23607692.44753544,162,15,1573846.1631690294,10.8
Corporate,UH_HKGR_0343,15044631.790360447,135,10,1504463.1790360447,13.5
Corporate,UH_HKGR_0344,19618743.628581937,144,13,1509134.1252755336,11.076923076923077
Corporate,UH_HKGR_0345,28986301.43103445,153,12,2415525.119252871,12.75
Corporate,UH_HKGR_0346,18805809.524559397,144,12,1567150.793713283,12.0
Corporate,UH_HKGR_0347,17046651.138384596,108,10,1704665.1138384596,10.8
Corporate,UH_HKGR_0348,25086399.531057842,162,15,1672426.6354038562,10.8
Corporate,UH_HKGR_0349,40026955.79774109,279,23,1740302.425988743,12.130434782608695
Corporate,UH_HKGR_0350,19584269.133791544,153,13,1506482.241060888,11.76923076923077
Corporate,UH_HKGR_0351,30143588.857828982,243,18,1674643.8254349434,13.5
Corporate,UH_HKGR_0352,22033478.054677997,153,13,1694882.927282923,11.76923076923077
Corporate,UH_HKGR_0353,25491111.055903,153,12,2124259.254658583,12.75
Corporate,UH_HKGR_0354,12188481.332800802,99,10,1218848.1332800803,9.9
Corporate,UH_HKGR_0355,15234753.768118156,126,11,1384977.6152834687,11.454545454545455
Corporate,UH_HKGR_0356,19066044.739483442,189,15,1271069.649298896,12.6
Corporate,UH_HKGR_0357,21835973.517420676,171,14,1559712.3941014768,12.214285714285714
Corporate,UH_HKGR_0358,23604820.32295786,234,19,1242358.9643662032,12.31578947368421
Corporate,UH_HKGR_0359,15169310.607726999,126,12,1264109.2173105832,10.5
Corporate,UH_HKGR_0360,23072109.843590513,216,16,1442006.865224407,13.5
Corporate,UH_HKGR_0361,13606238.489601802,117,9,1511804.2766224225,13.0
Corporate,UH_HKGR_0362,28009126.21867642,207,15,1867275.0812450948,13.8
Corporate,UH_HKGR_0363,20651907.585564252,189,15,1376793.8390376167,12.6
Corporate,UH_HKGR_0364,11484581.633405963,108,9,1276064.625933996,12.0
Corporate,UH_HKGR_0365,16704174.974342145,153,15,1113611.664956143,10.2
Corporate,UH_HKGR_0366,15489931.757286748,126,10,1548993.1757286747,12.6
Corporate,UH_HKGR_0367,20126143.947103202,153,15,1341742.9298068802,10.2
Corporate,UH_HKGR_0368,14454860.560704652,144,12,1204571.7133920544,12.0
Corporate,UH_HKGR_0369,14287635.887467766,144,12,1190636.3239556472,12.0
Corporate,UH_HKGR_0370,16377937.245773468,153,13,1259841.326597959,11.76923076923077
Corporate,UH_HKGR_0371,20590978.034253757,162,14,1470784.1453038398,11.571428571428571
Corporate,UH_HKGR_0372,24496993.71800849,207,16,1531062.1073755305,12.9375
Corporate,UH_HKGR_0373,12589626.432333222,144,13,968432.8024871709,11.076923076923077
Corporate,UH_HKGR_0374,12443120.976092491,162,13,957163.1520071147,12.461538461538462
Corporate,UH_HKGR_0375,12628214.072957776,162,13,971401.0825352136,12.461538461538462
Corporate,UH_HKGR_0376,13886760.518893084,135,13,1068212.3476071602,10.384615384615385
Corporate,UH_HKGR_0377,11418529.938402798,117,12,951544.1615335665,9.75
Corporate,UH_HKGR_0378,24089179.76539335,180,15,1605945.31769289,12.0
Corporate,UH_HKGR_0379,17848448.857458416,162,13,1372957.6044198782,12.461538461538462
Corporate,UH_HKGR_0380,18381061.631660163,117,10,1838106.1631660163,11.7
Corporate,UH_HKGR_0381,21365524.636996523,162,14,1526108.9026426089,11.571428571428571
Corporate,UH_HKGR_0382,17043730.097809263,153,14,1217409.2927006616,10.928571428571429
Corporate,UH_HKGR_0383,19049911.603697825,171,15,1269994.1069131882,11.4
Corporate,UH_HKGR_0384,17605361.171404056,171,14,1257525.7979574327,12.214285714285714
Corporate,UH_HKGR_0385,17265985.29808746,153,13,1328152.715237497,11.76923076923077
Corporate,UH_HKGR_0386,17455238.931176417,135,12,1454603.2442647014,11.25
Corporate,UH_HKGR_0387,20880570.370705463,162,13,1606197.720823497,12.461538461538462
Corporate,UH_HKGR_0388,17487390.762328003,99,8,2185923.8452910003,12.375
Corporate,UH_HKGR_0389,17650242.577855203,126,12,1470853.5481546002,10.5
Corporate,UH_HKGR_0390,13223258.884669313,108,10,1322325.8884669314,10.8
Corporate,UH_HKGR_0391,15137301.802346004,126,11,1376118.3456678186,11.454545454545455
Corporate,UH_HKGR_0392,27072772.736959573,225,18,1504042.9298310874,12.5
Corporate,UH_HKGR_0393,16553877.342666503,162,14,1182419.8101904646,11.571428571428571
Corporate,UH_HKGR_0394,21599571.221691046,162,14,1542826.5158350747,11.571428571428571
Corporate,UH_HKGR_0395,14863292.963901656,144,13,1143330.227992435,11.076923076923077
Corporate,UH_HKGR_0396,19518740.168413114,171,15,1301249.3445608742,11.4
Corporate,UH_HKGR_0397,24672653.083118714,207,21,1174888.2420532722,9.857142857142858
Corporate,UH_HKGR_0398,22843569.195519086,189,14,1631683.513965649,13.5
Corporate,UH_HKGR_0399,12353779.317737248,144,14,882412.8084098034,10.285714285714286
Corporate,UH_HKGR_0400,14316056.44795071,54,15,954403.763196714,3.6
Corporate,UH_HKGR_0401,12854496.654361097,45,12,1071208.0545300914,3.75
Corporate,UH_HKGR_0402,8989531.292527203,45,10,898953.1292527203,4.5
Corporate,UH_HKGR_0403,14355995.121499073,63,15,957066.3414332715,4.2
Corporate,UH_HKGR_0404,8462757.55801172,30,8,1057844.694751465,3.75
Corporate,UH_HKGR_0405,10045559.109360106,69,17,590915.2417270651,4.0588235294117645
Corporate,UH_HKGR_0406,11820586.598865122,48,11,1074598.781715011,4.363636363636363
Corporate,UH_HKGR_0407,10808832.470683962,54,16,675552.0294177476,3.375
Corporate,UH_HKGR_0408,16293994.02129648,54,14,1163856.7158068914,3.857142857142857
Corporate,UH_HKGR_0409,10138309.13889222,42,10,1013830.9138892221,4.2
Corporate,UH_HKGR_0410,8086907.569702682,39,11,735173.4154275166,3.5454545454545454
Corporate,UH_HKGR_0411,11779653.134598957,48,13,906127.1641999198,3.6923076923076925
Corporate,UH_HKGR_0412,13347433.839275284,57,16,834214.6149547052,3.5625
Corporate,UH_HKGR_0413,11330499.930580942,45,13,871576.9177369955,3.4615384615384617
Corporate,UH_HKGR_0414,5920379.27263726,30,7,845768.4675196086,4.285714285714286
Corporate,UH_HKGR_0415,13662697.38780513,63,15,910846.492520342,4.2
Corporate,UH_HKGR_0416,10866878.729571443,45,11,987898.0663246766,4.090909090909091
Corporate,UH_HKGR_0417,12690065.652815005,48,12,1057505.471067917,4.0
Corporate,UH_HKGR_0418,9805359.297125123,36,10,980535.9297125123,3.6
Corporate,UH_HKGR_0419,10243094.320000516,45,10,1024309.4320000516,4.5
Corporate,UH_HKGR_0420,16035997.860833999,57,15,1069066.5240556,3.8
Corporate,UH_HKGR_0421,8695966.128872683,33,10,869596.6128872683,3.3
Corporate,UH_HKGR_0422,12177891.3335546,48,13,936760.8718118923,3.6923076923076925
Corporate,UH_HKGR_0423,11656021.415409273,63,15,777068.0943606182,4.2
Corporate,UH_HKGR_0424,13022553.891716681,51,14,930182.4208369058,3.642857142857143
Corporate,UH_HKGR_0425,11094677.593054805,42,13,853436.7379272927,3.230769230769231
Corporate,UH_HKGR_0426,9862690.086708065,57,15,657512.6724472044,3.8
Corporate,UH_HKGR_0427,10829279.910007529,69,15,721951.9940005019,4.6
Corporate,UH_HKGR_0428,8329837.118614866,48,13,640756.7014319128,3.6923076923076925
Corporate,UH_HKGR_0429,6698233.251142298,42,12,558186.1042618582,3.5
Corporate,UH_HKGR_0430,15052747.754627319,54,14,1075196.2681876656,3.857142857142857
Corporate,UH_HKGR_0431,13267611.187504997,48,13,1020585.4759619229,3.6923076923076925
Corporate,UH_HKGR_0432,14638421.008770153,60,15,975894.7339180101,4.0
Corporate,UH_HKGR_0433,17146104.572122004,57,15,1143073.638141467,3.8
Corporate,UH_HKGR_0434,6519682.997358666,42,12,543306.9164465555,3.5
Corporate,UH_HKGR_0435,17924977.389289845,75,18,995832.0771827692,4.166666666666667
Corporate,UH_HKGR_0436,15678192.828055995,63,15,1045212.855203733,4.2
Corporate,UH_HKGR_0437,11547294.037506806,48,11,1049754.0034097095,4.363636363636363
Corporate,UH_HKGR_0438,20135637.062260997,66,15,1342375.8041507332,4.4
Corporate,UH_HKGR_0439,9219537.67776615,51,13,709195.2059820115,3.923076923076923
Corporate,UH_HKGR_0440,13637070.802263202,54,14,974076.485875943,3.857142857142857
Corporate,UH_HKGR_0441,12089049.54485238,63,15,805936.6363234919,4.2
Corporate,UH_HKGR_0442,18497896.694848005,51,14,1321278.335346286,3.642857142857143
Corporate,UH_HKGR_0443,9846783.387212139,42,11,895162.1261101944,3.8181818181818183
Corporate,UH_HKGR_0444,9823798.242909841,39,10,982379.8242909841,3.9
Corporate,UH_HKGR_0445,12294666.232917748,60,14,878190.4452084106,4.285714285714286
Corporate,UH_HKGR_0446,11991188.014451932,51,13,922399.078034764,3.923076923076923
Corporate,UH_HKGR_0447,14267910.36653153,54,14,1019136.4547522522,3.857142857142857
Corporate,UH_HKGR_0448,9716259.604925554,51,14,694018.5432089681,3.642857142857143
Corporate,UH_HKGR_0449,12673916.210381258,54,15,844927.7473587506,3.6
Corporate,UH_HKGR_0450,3390639.9808086427,54,16,211914.99880054017,3.375
Corporate,UH_HKGR_0451,2600543.0632549804,48,14,185753.07594678432,3.4285714285714284
Corporate,UH_HKGR_0452,3068652.1081348,48,13,236050.1621642154,3.6923076923076925
Corporate,UH_HKGR_0453,2557351.2342512,48,13,196719.32571163078,3.6923076923076925
Corporate,UH_HKGR_0454,2315374.0718510007,36,12,192947.8393209167,3.0
Corporate,UH_HKGR_0455,3711773.35179365,63,17,218339.60892903825,3.7058823529411766
Corporate,UH_HKGR_0456,3172033.697193761,54,13,244002.59209182777,4.153846153846154
Corporate,UH_HKGR_0457,2384119.3632701193,39,10,238411.93632701194,3.9
Corporate,UH_HKGR_0458,3122054.428085361,51,11,283823.1298259419,4.636363636363637
Corporate,UH_HKGR_0459,2318418.0795440683,51,15,154561.2053029379,3.4
Corporate,UH_HKGR_0460,3756723.97221924,66,17,220983.76307172,3.8823529411764706
Corporate,UH_HKGR_0461,2693695.0694019715,54,14,192406.79067156938,3.857142857142857
Corporate,UH_HKGR_0462,2897156.4290071884,51,13,222858.1868467068,3.923076923076923
Corporate,UH_HKGR_0463,1494800.2112152202,30,10,149480.021121522,3.0
Corporate,UH_HKGR_0464,2544153.3015675647,48,13,195704.1001205819,3.6923076923076925
Corporate,UH_HKGR_0465,2265279.9026395646,45,13,174252.30020304344,3.4615384615384617
Corporate,UH_HKGR_0466,2328987.8648631726,45,11,211726.1695330157,4.090909090909091
Corporate,UH_HKGR_0467,3407887.646428577,60,15,227192.50976190515,4.0
Corporate,UH_HKGR_0468,2626605.745600608,54,14,187614.69611432916,3.857142857142857
Corporate,UH_HKGR_0469,3021723.1871063695,54,16,188857.6991941481,3.375
Corporate,UH_HKGR_0470,3061427.695376289,54,12,255118.97461469076,4.5
Corporate,UH_HKGR_0471,4709453.491807802,72,18,261636.3051004334,4.0
Corporate,UH_HKGR_0472,3542467.1615870395,48,15,236164.47743913595,3.2
Corporate,UH_HKGR_0473,3333275.9656945188,51,14,238091.14040675134,3.642857142857143
Corporate,UH_HKGR_0474,3463653.18576772,60,14,247403.79898340857,4.285714285714286
Corporate,UH_HKGR_0475,2804842.2689659796,51,13,215757.09761276765,3.923076923076923
Corporate,UH_HKGR_0476,3147120.2202667813,57,12,262260.0183555651,4.75
Corporate,UH_HKGR_0477,2678394.6941668997,45,11,243490.42674244542,4.090909090909091
Corporate,UH_HKGR_0478,2430400.86129378,42,12,202533.40510781502,3.5
Corporate,UH_HKGR_0479,3439478.9325382435,54,14,245677.06660987454,3.857142857142857
Corporate,UH_HKGR_0480,3278745.6658232734,48,15,218583.04438821823,3.2
Corporate,UH_HKGR_0481,3600103.462074,60,14,257150.247291,4.285714285714286
Corporate,UH_HKGR_0482,3573812.0018568016,54,11,324892.0001688001,4.909090909090909
Corporate,UH_HKGR_0483,3954436.8111862605,60,15,263629.1207457507,4.0
Corporate,UH_HKGR_0484,2725190.534426021,54,16,170324.4084016263,3.375
Corporate,UH_HKGR_0485,2044850.6827844514,39,11,185895.51661676832,3.5454545454545454
Corporate,UH_HKGR_0486,3801639.5477589807,60,15,253442.63651726538,4.0
Corporate,UH_HKGR_0487,4077964.9846162004,60,14,291283.21318687144,4.285714285714286
Corporate,UH_HKGR_0488,1710735.0272692994,30,10,171073.50272692993,3.0
Corporate,UH_HKGR_0489,1885496.0579656404,33,10,188549.60579656405,3.3
Corporate,UH_HKGR_0490,2631794.485125478,51,15,175452.96567503185,3.4
Corporate,UH_HKGR_0491,999350.1851236639,21,6,166558.3641872773,3.5
Corporate,UH_HKGR_0492,3019724.7811339074,54,16,188732.7988208692,3.375
Corporate,UH_HKGR_0493,2386180.4655726,42,11,216925.49687023635,3.8181818181818183
Corporate,UH_HKGR_0494,1581407.7114360405,33,9,175711.96793733782,3.6666666666666665
Corporate,UH_HKGR_0495,2371764.8562220004,39,12,197647.07135183338,3.25
Corporate,UH_HKGR_0496,3413329.145107579,60,16,213333.07156922368,3.75
Corporate,UH_HKGR_0497,2349335.7172098057,51,14,167809.6940864147,3.642857142857143
Corporate,UH_HKGR_0498,3116078.02845003,54,14,222577.00203214498,3.857142857142857
Corporate,UH_HKGR_0499,1952379.08996186,36,12,162698.25749682166,3.0
Corporate,UH_HKGR_0500,885676.9405004722,26,18,49204.27447224846,1.4444444444444444
Corporate,UH_HKGR_0501,902614.827736017,29,27,33430.17880503766,1.0740740740740742
Corporate,UH_HKGR_0502,576407.95481478,33,27,21348.44277091778,1.2222222222222223
Corporate,UH_HKGR_0503,1442306.898627216,30,27,53418.774023230224,1.1111111111111112
Corporate,UH_HKGR_0504,2394692.163562512,32,26,92103.54475240431,1.2307692307692308
Corporate,UH_HKGR_0505,1489172.8673667898,36,31,48037.83443118677,1.1612903225806452
Corporate,UH_HKGR_0506,2656635.7054155106,41,35,75903.87729758602,1.1714285714285715
Corporate,UH_HKGR_0507,934409.8890355419,28,24,38933.74537648091,1.1666666666666667
Corporate,UH_HKGR_0508,1584114.6087186218,29,24,66004.77536327591,1.2083333333333333
Corporate,UH_HKGR_0509,878449.469846216,36,25,35137.97879384864,1.44
Corporate,UH_HKGR_0510,1420640.7815455243,32,29,48987.61315674221,1.103448275862069
Corporate,UH_HKGR_0511,1257263.6382991993,30,23,54663.63644779127,1.3043478260869565
Corporate,UH_HKGR_0512,8705754.720906695,29,25,348230.1888362678,1.16
Corporate,UH_HKGR_0515,8257806.980622533,30,24,344075.2908592722,1.25
Corporate,UH_HKGR_0523,11180172.237809999,38,27,414080.45325222216,1.4074074074074074
Corporate,UH_HKGR_0524,10316631.967027402,35,29,355745.9298974966,1.206896551724138
Corporate,UH_HKGR_0527,11019562.972171083,29,23,479111.4335726558,1.2608695652173914
Corporate,UH_HKGR_0536,6044923.272168649,20,20,302246.16360843246,1.0
Corporate,UH_HKGR_0537,10379258.725985823,32,27,384416.9898513268,1.1851851851851851
Corporate,UH_HKGR_0540,11938074.32868364,37,30,397935.81095612136,1.2333333333333334
Corporate,UH_HKGR_0541,10218760.711479474,29,24,425781.69631164474,1.2083333333333333
Corporate,UH_HKGR_0543,10292411.422530204,37,29,354910.73870793806,1.2758620689655173
Corporate,UH_HKGR_0544,11155860.248811973,35,29,384684.8361659301,1.206896551724138
Corporate,UH_HKGR_0546,11766612.309326608,36,28,420236.1539045217,1.2857142857142858
Corporate,UH_HKGR_0554,8259734.0060785515,33,28,294990.5002170911,1.1785714285714286
Corporate,UH_HKGR_0558,9144124.120603787,40,32,285753.87876886834,1.25
Corporate,UH_HKGR_0563,41308510.977775924,37,33,1251773.0599326037,1.121212121212121
Corporate,UH_HKGR_0565,36174518.37272518,30,28,1291947.084740185,1.0714285714285714
Corporate,UH_HKGR_0567,11620647.35876488,36,28,415023.11995588854,1.2857142857142858
Corporate,UH_HKGR_0568,7950975.0320808245,37,30,265032.5010693608,1.2333333333333334
Corporate,UH_HKGR_0570,12771750.588587321,33,27,473027.7995773082,1.2222222222222223
Corporate,UH_HKGR_0572,5184481.252730903,26,21,246880.05965385254,1.2380952380952381
Corporate,UH_HKGR_0574,9248615.471723158,29,23,402113.71616187645,1.2608695652173914
Corporate,UH_HKGR_0575,7016225.867210258,42,29,241938.82300725026,1.4482758620689655
Corporate,UH_HKGR_0577,8234225.0190986935,25,20,411711.2509549347,1.25
Corporate,UH_HKGR_0578,11309875.941316046,32,24,471244.8308881686,1.3333333333333333
Corporate,UH_HKGR_0579,8925942.214421049,32,24,371914.25893421035,1.3333333333333333
Corporate,UH_HKGR_0585,9443227.826128298,29,22,429237.6284603772,1.3181818181818181
Corporate,UH_HKGR_0586,13124749.749340141,35,30,437491.65831133805,1.1666666666666667
Corporate,UH_HKGR_0587,9687604.49723226,25,21,461314.49986820284,1.1904761904761905
Corporate,UH_HKGR_0592,5863938.962472302,30,26,225536.1139412424,1.1538461538461537
Corporate,UH_HKGR_0593,12609936.30344222,32,29,434825.38977386965,1.103448275862069
Corporate,UH_HKGR_0594,11620635.007055324,35,25,464825.40028221294,1.4
Corporate,UH_HKGR_0596,13897457.89796169,39,30,463248.596598723,1.3
Corporate,UH_HKGR_0608,10616866.524432793,45,37,286942.3384981836,1.2162162162162162
Corporate,UH_HKGR_0610,12816909.457889577,35,28,457746.7663531992,1.25
Corporate,UH_HKGR_0615,8723856.439711945,42,32,272620.5137409983,1.3125
Corporate,UH_HKGR_0616,8335901.998719839,33,27,308737.1110636978,1.2222222222222223
Corporate,UH_HKGR_0621,11875804.203749675,31,24,494825.17515623645,1.2916666666666667
Corporate,UH_HKGR_0622,13178483.650558509,41,29,454430.4707089141,1.4137931034482758
Corporate,UH_HKGR_0626,30907213.430812895,33,29,1065765.9803728585,1.1379310344827587
Corporate,UH_HKGR_0633,7471933.983985306,33,23,324866.69495588285,1.434782608695652
Corporate,UH_HKGR_0634,11605558.604792498,38,31,374372.85821911285,1.2258064516129032
Corporate,UH_HKGR_0635,6744814.72829374,31,23,293252.81427364086,1.3478260869565217
Corporate,UH_HKGR_0637,12975246.884492759,36,29,447422.30636181927,1.2413793103448276
Corporate,UH_HKGR_0639,12768426.882102251,35,26,491093.34161931736,1.3461538461538463
Corporate,UH_HKGR_0640,11394636.40868882,35,26,438255.2464880316,1.3461538461538463
Corporate,UH_HKGR_0651,9925243.148017209,31,24,413551.7978340504,1.2916666666666667
Corporate,UH_HKGR_0652,8450430.096477622,40,31,272594.5192412136,1.2903225806451613
Corporate,UH_HKGR_0655,7309470.653614484,40,32,228420.95792545262,1.25
Corporate,UH_HKGR_0657,40435659.46884459,31,27,1497617.0173646146,1.1481481481481481
Corporate,UH_HKGR_0660,8580536.114968972,31,27,317797.63388773974,1.1481481481481481
Corporate,UH_HKGR_0661,7912756.5985267,28,26,304336.79225102696,1.0769230769230769
Corporate,UH_HKGR_0664,7711040.097916113,25,20,385552.0048958057,1.25
Corporate,UH_HKGR_0669,12607329.687991505,29,26,484897.295691981,1.1153846153846154
Corporate,UH_HKGR_0670,4583395.535582761,34,26,176284.44367626004,1.3076923076923077
Corporate,UH_HKGR_0671,5586609.799562374,35,26,214869.60767547594,1.3461538461538463
Corporate,UH_HKGR_0672,6377131.812401758,28,22,289869.62783644354,1.2727272727272727
Corporate,UH_HKGR_0674,12041211.737225259,31,26,463123.52835481765,1.1923076923076923
Corporate,UH_HKGR_0675,7537416.050565891,28,24,314059.00210691214,1.1666666666666667
Corporate,UH_HKGR_0677,6555833.662449664,32,26,252147.44855575633,1.2307692307692308
Corporate,UH_HKGR_0678,5483219.934109241,23,20,274160.99670546205,1.15
Corporate,UH_HKGR_0679,8188903.529209401,38,30,272963.4509736467,1.2666666666666666
Corporate,UH_HKGR_0681,8132792.877630159,32,25,325311.71510520636,1.28
Corporate,UH_HKGR_0690,8228397.043256605,31,24,342849.87680235854,1.2916666666666667
Corporate,UH_HKGR_0693,12876275.224620108,39,30,429209.17415400356,1.3
Corporate,UH_HKGR_0699,14834359.367196562,32,30,494478.6455732187,1.0666666666666667
Corporate,UH_HKGR_0700,6975619.456950976,33,26,268293.056036576,1.2692307692307692
Corporate,UH_HKGR_0701,5296096.925407779,30,24,220670.70522532414,1.25
Corporate,UH_HKGR_0703,8411291.034185678,27,22,382331.41064480355,1.2272727272727273
Corporate,UH_HKGR_0705,5302920.135918116,30,21,252520.00647229125,1.4285714285714286
Corporate,UH_HKGR_0709,6768310.91635434,38,30,225610.36387847798,1.2666666666666666
Corporate,UH_HKGR_0710,13031214.540278267,35,31,420361.7593638151,1.1290322580645162
Corporate,UH_HKGR_0713,29996617.787777435,27,26,1153716.0687606705,1.0384615384615385
Corporate,UH_HKGR_0718,6795598.253777388,25,24,283149.9272407245,1.0416666666666667
Corporate,UH_HKGR_0724,9268778.216281215,32,28,331027.7934386148,1.1428571428571428
Corporate,UH_HKGR_0731,14690273.632496089,37,32,459071.0510155028,1.15625
Corporate,UH_HKGR_0735,6190051.807277402,23,21,294764.3717751144,1.0952380952380953
Corporate,UH_HKGR_0739,8713682.79051515,40,30,290456.0930171717,1.3333333333333333
Corporate,UH_HKGR_0742,7698866.016299475,29,24,320786.0840124781,1.2083333333333333
Corporate,UH_HKGR_0744,3875567.7050138027,26,23,168502.9436962523,1.1304347826086956
Corporate,UH_HKGR_0746,13389857.87733721,41,33,405753.2690102185,1.2424242424242424
Corporate,UH_HKGR_0748,10709068.539758854,34,29,369278.22550892597,1.1724137931034482
Corporate,UH_HKGR_0750,12609930.173807083,36,27,467034.4508817438,1.3333333333333333
Corporate,UH_HKGR_0751,8813254.141833123,35,28,314759.0764940401,1.25
Corporate,UH_HKGR_0754,13396162.38717068,36,32,418630.07459908375,1.125
Corporate,UH_HKGR_0755,14604151.330017317,34,31,471101.65580701025,1.096774193548387
Corporate,UH_HKGR_0756,8731493.092405373,35,27,323388.63305205083,1.2962962962962963
Corporate,UH_HKGR_0757,11891771.616600892,30,24,495490.48402503715,1.25
Corporate,UH_HKGR_0759,7345458.17203516,31,24,306060.75716813165,1.2916666666666667
Corporate,UH_HKGR_0766,9303642.576282816,32,27,344579.35467714135,1.1851851851851851
Corporate,UH_HKGR_0769,7884968.380363229,22,20,394248.4190181614,1.1
Corporate,UH_HKGR_0770,4139083.0238038753,21,17,243475.47198846325,1.2352941176470589
Corporate,UH_HKGR_0771,12907404.34296058,35,27,478052.0127022437,1.2962962962962963
Corporate,UH_HKGR_0775,34492335.9138118,35,27,1277493.9227337705,1.2962962962962963
Corporate,UH_HKGR_0776,11452008.067650653,32,26,440461.84875579434,1.2307692307692308
Corporate,UH_HKGR_0777,11413270.67822323,34,26,438971.94916243193,1.3076923076923077
Corporate,UH_HKGR_0778,35226452.73094386,32,28,1258087.5975337091,1.1428571428571428
Corporate,UH_HKGR_0780,12427896.913268238,35,28,443853.4611881514,1.25
Corporate,UH_HKGR_0781,38489256.669141464,38,33,1166341.111186105,1.1515151515151516
Corporate,UH_HKGR_0787,45866999.82732421,28,24,1911124.9928051755,1.1666666666666667
Corporate,UH_HKGR_0789,25068911.799065474,28,24,1044537.9916277281,1.1666666666666667
Corporate,UH_HKGR_0791,10435160.386484649,39,32,326098.7620776453,1.21875
Corporate,UH_HKGR_0792,12367079.290697867,42,31,398938.04163541505,1.3548387096774193
Corporate,UH_HKGR_0796,8712924.187797278,35,28,311175.8638499028,1.25
Corporate,UH_HKGR_0797,12390328.894984921,38,26,476551.1113455739,1.4615384615384615
Corporate,UH_HKGR_0799,30178991.022976644,31,25,1207159.6409190658,1.24
Corporate,UH_HKGR_0804,12212112.610818088,41,29,421107.3314075203,1.4137931034482758
Corporate,UH_HKGR_0813,10392252.081977991,35,27,384898.22525844414,1.2962962962962963
Corporate,UH_HKGR_0818,11486796.145807726,37,30,382893.20486025757,1.2333333333333334
Corporate,UH_HKGR_0821,10351734.880188711,31,25,414069.39520754846,1.24
Corporate,UH_HKGR_0831,10368922.635797568,41,33,314209.77684235055,1.2424242424242424
Corporate,UH_HKGR_0835,13627742.30520739,42,29,469922.14845542726,1.4482758620689655
Corporate,UH_HKGR_0836,5432684.63767503,34,28,194024.4513455368,1.2142857142857142
Corporate,UH_HKGR_0840,9068159.69836368,31,26,348775.37301398773,1.1923076923076923
Corporate,UH_HKGR_0841,9081817.270870471,33,25,363272.6908348189,1.32
Corporate,UH_HKGR_0842,10656111.363912433,40,30,355203.71213041444,1.3333333333333333
Corporate,UH_HKGR_0843,14388908.483286647,38,31,464158.338170537,1.2258064516129032
Corporate,UH_HKGR_0851,12464905.076962104,36,27,461663.15099859645,1.3333333333333333
Corporate,UH_HKGR_0853,50032552.40231072,38,30,1667751.7467436907,1.2666666666666666
Corporate,UH_HKGR_0856,6579463.890581038,36,32,205608.24658065743,1.125
Corporate,UH_HKGR_0858,8816727.09036088,29,24,367363.62876503664,1.2083333333333333
Corporate,UH_HKGR_0861,8483143.32784756,27,23,368832.3186020679,1.173913043478261
Corporate,UH_HKGR_0869,40085875.933596246,29,26,1541764.458984471,1.1153846153846154
Corporate,UH_HKGR_0871,14270097.381818574,41,31,460325.7219941475,1.3225806451612903
Corporate,UH_HKGR_0872,5938817.501391453,35,26,228416.0577458251,1.3461538461538463
Corporate,UH_HKGR_0874,7244397.6673564,34,25,289775.906694256,1.36
Corporate,UH_HKGR_0882,12875896.746903714,36,28,459853.4552465612,1.2857142857142858
Corporate,UH_HKGR_0885,15001176.1487846,44,34,441211.06319954706,1.2941176470588236
Corporate,UH_HKGR_0887,12793704.599371707,39,35,365534.4171249059,1.1142857142857143
Corporate,UH_HKGR_0890,26976006.132491864,23,23,1172869.8318474723,1.0
Corporate,UH_HKGR_0899,5047046.106525521,32,27,186927.63357501928,1.1851851851851851
Corporate,UH_HKGR_0901,27875447.623704,20,19,1467128.8223002106,1.0526315789473684
Corporate,UH_HKGR_0904,11528480.48212573,33,27,426980.7585972492,1.2222222222222223
Corporate,UH_HKGR_0905,33244016.22141056,34,26,1278616.0085157908,1.3076923076923077
Corporate,UH_HKGR_0913,12459674.864730068,32,26,479218.2640280795,1.2307692307692308
Corporate,UH_HKGR_0915,9186517.66411566,35,27,340241.3949672467,1.2962962962962963
Corporate,UH_HKGR_0920,11189144.02589488,32,28,399612.28663910285,1.1428571428571428
Corporate,UH_HKGR_0923,5259218.8006729195,25,21,250438.99050823427,1.1904761904761905
Corporate,UH_HKGR_0925,11325966.463468406,31,23,492433.32449862635,1.3478260869565217
Corporate,UH_HKGR_0929,11824079.757320026,38,28,422288.5627614295,1.3571428571428572
Corporate,UH_HKGR_0930,4764870.247599617,28,24,198536.2603166507,1.1666666666666667
Corporate,UH_HKGR_0931,36499849.65862423,33,24,1520827.069109343,1.375
Corporate,UH_HKGR_0935,5433328.151283054,31,22,246969.46142195698,1.4090909090909092
Corporate,UH_HKGR_0936,12715029.674799556,31,30,423834.3224933185,1.0333333333333334
Corporate,UH_HKGR_0938,8379150.502010699,34,27,310338.9074818778,1.2592592592592593
Corporate,UH_HKGR_0939,35412739.849111915,28,22,1609669.9931414507,1.2727272727272727
Corporate,UH_HKGR_0940,38614880.415685914,30,26,1485187.7082956121,1.1538461538461537
Corporate,UH_HKGR_0943,6130599.512604238,32,24,255441.64635850993,1.3333333333333333
Corporate,UH_HKGR_0956,12003618.637037622,30,25,480144.7454815049,1.2
Corporate,UH_HKGR_0966,12508642.84377351,37,30,416954.761459117,1.2333333333333334
Corporate,UH_HKGR_0968,8178369.877954635,33,30,272612.3292651545,1.1
Corporate,UH_HKGR_0971,13413631.14540614,35,29,462539.0050140048,1.206896551724138
Corporate,UH_HKGR_0975,11857824.155160662,37,29,408890.4881089883,1.2758620689655173
Corporate,UH_HKGR_0976,37958181.17088088,40,31,1224457.4571251895,1.2903225806451613
Corporate,UH_HKGR_0978,13591570.870067284,43,28,485413.24535954586,1.5357142857142858
Corporate,UH_HKGR_0980,9030950.695486132,30,26,347344.2575186974,1.1538461538461537
Corporate,UH_HKGR_0984,9140954.096838962,41,30,304698.46989463206,1.3666666666666667
Corporate,UH_HKGR_0985,13193542.987204855,36,29,454949.75817947777,1.2413793103448276
Corporate,UH_HKGR_0987,12102571.890416509,36,32,378205.3715755159,1.125
Corporate,UH_HKGR_0992,10339345.21766275,33,25,413573.80870651,1.32
Corporate,UH_HKGR_0994,43876330.956490986,30,26,1687551.1906342688,1.1538461538461537
Corporate,UH_HKGR_0999,9265213.11059005,40,29,319490.1072617259,1.3793103448275863
Individual,UH_HKGR_0001,1253542.7868977482,63,21,59692.51366179754,3.0
Individual,UH_HKGR_0002,1150956.9032450002,27,9,127884.10036055557,3.0
Individual,UH_HKGR_0003,395329.1424321659,24,7,56475.5917760237,3.4285714285714284
Individual,UH_HKGR_0004,220812.60765999998,12,4,55203.151914999995,3.0
Individual,UH_HKGR_0005,1006368.4940300002,18,6,167728.08233833336,3.0
Individual,UH_HKGR_0006,142858.25190112,18,5,28571.650380224,3.6
Individual,UH_HKGR_0007,58924.595783604,12,4,14731.148945901,3.0
Individual,UH_HKGR_0008,407241.9952633201,21,6,67873.66587722002,3.5
Individual,UH_HKGR_0009,485603.96190999995,15,4,121400.99047749999,3.75
Individual,UH_HKGR_0010,577186.6944279331,21,7,82455.2420611333,3.0
Individual,UH_HKGR_0011,1010203.1753140001,21,7,144314.73933057144,3.0
Individual,UH_HKGR_0012,728162.6307313519,18,6,121360.43845522532,3.0
Individual,UH_HKGR_0013,153764.344585503,21,7,21966.334940786142,3.0
Individual,UH_HKGR_0014,529993.158667264,21,7,75713.30838103771,3.0
Individual,UH_HKGR_0015,333710.7251649999,24,7,47672.96073785713,3.4285714285714284
Individual,UH_HKGR_0016,311768.716094362,18,6,51961.45268239367,3.0
Individual,UH_HKGR_0017,1103419.883203,21,7,157631.41188614286,3.0
Individual,UH_HKGR_0018,1151683.54463,30,10,115168.354463,3.0
Individual,UH_HKGR_0019,745602.3966300001,12,4,186400.59915750002,3.0
Individual,UH_HKGR_0020,579883.840180028,24,7,82840.54859714686,3.4285714285714284
Individual,UH_HKGR_0021,932214.9246759999,18,6,155369.15411266664,3.0
Individual,UH_HKGR_0022,987780.370263671,27,8,123472.54628295888,3.375
Individual,UH_HKGR_0023,213980.358224,21,6,35663.393037333335,3.5
Individual,UH_HKGR_0024,352211.9008948921,18,6,58701.98348248202,3.0
Individual,UH_HKGR_0025,180890.90855600007,21,7,25841.558365142868,3.0
Individual,UH_HKGR_0026,180557.73244504,9,3,60185.91081501333,3.0
Individual,UH_HKGR_0027,346809.536447232,15,5,69361.9072894464,3.0
Individual,UH_HKGR_0028,174535.648971464,18,6,29089.27482857733,3.0
Individual,UH_HKGR_0029,184975.99787349603,18,5,36995.1995746992,3.6
Individual,UH_HKGR_0030,456944.58034200006,24,7,65277.79719171429,3.4285714285714284
Individual,UH_HKGR_0031,1138290.302433718,30,9,126476.70027041312,3.3333333333333335
Individual,UH_HKGR_0032,474399.92044,21,7,67771.41720571429,3.0
Individual,UH_HKGR_0033,362694.6371761,24,6,60449.10619601666,4.0
Individual,UH_HKGR_0034,50762.827058999996,9,3,16920.942353,3.0
Individual,UH_HKGR_0035,561509.218779,18,6,93584.8697965,3.0
Individual,UH_HKGR_0036,735918.899462,21,6,122653.14991033333,3.5
Individual,UH_HKGR_0037,596218.805009,30,8,74527.350626125,3.75
Individual,UH_HKGR_0038,826540.7883013523,27,9,91837.86536681693,3.0
Individual,UH_HKGR_0039,406923.814875368,21,7,58131.973553624004,3.0
Individual,UH_HKGR_0040,196730.17548727198,21,6,32788.36258121199,3.5
Individual,UH_HKGR_0041,1201140.066832,18,6,200190.01113866665,3.0
Individual,UH_HKGR_0042,290967.93970528006,15,5,58193.587941056016,3.0
Individual,UH_HKGR_0043,814405.085092,24,8,101800.6356365,3.0
Individual,UH_HKGR_0044,973279.8563781921,18,6,162213.30939636534,3.0
Individual,UH_HKGR_0045,323870.8761,12,3,107956.9587,4.0
Individual,UH_HKGR_0046,1168901.861393,27,8,146112.732674125,3.375
Individual,UH_HKGR_0047,745032.7829784179,24,8,93129.09787230224,3.0
Individual,UH_HKGR_0048,663886.893252796,27,8,82985.8616565995,3.375
Individual,UH_HKGR_0049,727017.2264420001,24,8,90877.15330525002,3.0
Individual,UH_HKGR_0050,1731585.694505,7,7,247369.3849292857,1.0
Individual,UH_HKGR_0053,731577.2247257599,10,8,91447.15309071999,1.25
Individual,UH_HKGR_0058,2979972.11700443,6,6,496662.0195007383,1.0
Individual,UH_HKGR_0059,1179561.604756088,6,6,196593.60079268133,1.0
Individual,UH_HKGR_0060,3789463.56898,8,8,473682.9461225,1.0
Individual,UH_HKGR_0062,1662170.716201616,9,9,184685.6351335129,1.0
Individual,UH_HKGR_0063,3048738.808544144,7,7,435534.1155063063,1.0
Individual,UH_HKGR_0065,750765.783924375,5,5,150153.156784875,1.0
Individual,UH_HKGR_0067,2259643.011281,7,7,322806.1444687143,1.0
Individual,UH_HKGR_0068,2376258.3855511,5,5,475251.67711022,1.0
Individual,UH_HKGR_0069,897433.244707976,5,5,179486.6489415952,1.0
Individual,UH_HKGR_0070,265047.06326799997,3,3,88349.02108933333,1.0
Individual,UH_HKGR_0071,1810857.15586325,10,7,258693.8794090357,1.4285714285714286
Individual,UH_HKGR_0072,3146286.827454548,8,7,449469.5467792211,1.1428571428571428
Individual,UH_HKGR_0073,1803130.929677062,12,11,163920.99360700563,1.0909090909090908
Individual,UH_HKGR_0075,871622.5310549999,7,7,124517.50443642856,1.0
Individual,UH_HKGR_0076,1942186.173138,6,6,323697.69552300003,1.0
Individual,UH_HKGR_0077,2760096.822980336,6,6,460016.1371633893,1.0
Individual,UH_HKGR_0078,2829541.500425,8,6,471590.25007083337,1.3333333333333333
Individual,UH_HKGR_0079,213104.86507575,2,2,106552.432537875,1.0
Individual,UH_HKGR_0080,1430658.775760482,7,6,238443.1292934137,1.1666666666666667
Individual,UH_HKGR_0082,1494433.887911,4,4,373608.47197775,1.0
Individual,UH_HKGR_0084,2415170.784942331,7,7,345024.3978489044,1.0
Individual,UH_HKGR_0085,1192297.66482104,8,7,170328.23783157713,1.1428571428571428
Individual,UH_HKGR_0086,1176638.5370140001,4,3,392212.8456713334,1.3333333333333333
Individual,UH_HKGR_0088,825686.83416312,7,7,117955.26202330286,1.0
Individual,UH_HKGR_0090,1525427.0930831442,7,6,254237.8488471907,1.1666666666666667
Individual,UH_HKGR_0091,2150500.612665216,8,8,268812.576583152,1.0
Individual,UH_HKGR_0092,1377420.93601632,3,3,459140.31200544,1.0
Individual,UH_HKGR_0093,1556634.528652796,7,7,222376.36123611373,1.0
Individual,UH_HKGR_0094,2114485.20674858,8,7,302069.31524979713,1.1428571428571428
Individual,UH_HKGR_0095,833914.6064754401,5,5,166782.92129508802,1.0
Individual,UH_HKGR_0096,2688130.2813741732,6,6,448021.7135623622,1.0
Individual,UH_HKGR_0097,1202963.0086578962,7,6,200493.83477631604,1.1666666666666667
Individual,UH_HKGR_0098,2258601.731753796,9,9,250955.747972644,1.0
Individual,UH_HKGR_0100,63488.97935112,6,5,12697.795870224,1.2
Individual,UH_HKGR_0101,108965.256897512,4,4,27241.314224378,1.0
Individual,UH_HKGR_0102,203905.29343480003,5,5,40781.05868696001,1.0
Individual,UH_HKGR_0103,313393.287781128,7,7,44770.46968301829,1.0
Individual,UH_HKGR_0104,121491.220590888,8,7,17355.888655841143,1.1428571428571428
Individual,UH_HKGR_0105,459192.594302172,11,11,41744.78130019746,1.0
Individual,UH_HKGR_0106,143155.77901019002,7,6,23859.296501698336,1.1666666666666667
Individual,UH_HKGR_0107,156296.15653067004,4,4,39074.03913266751,1.0
Individual,UH_HKGR_0108,30860.017546004,4,4,7715.004386501,1.0
Individual,UH_HKGR_0109,136573.029298448,8,7,19510.432756921142,1.1428571428571428
Individual,UH_HKGR_0110,164218.59446,2,2,82109.29723,1.0
Individual,UH_HKGR_0111,94675.913784,6,6,15779.318964,1.0
Individual,UH_HKGR_0112,335405.96048899996,4,4,83851.49012224999,1.0
Individual,UH_HKGR_0113,301255.735463444,8,8,37656.9669329305,1.0
Individual,UH_HKGR_0114,233172.551074,7,6,38862.09184566666,1.1666666666666667
Individual,UH_HKGR_0115,240288.65762830002,11,11,21844.42342075455,1.0
Individual,UH_HKGR_0116,78105.38902999999,7,6,13017.564838333332,1.1666666666666667
Individual,UH_HKGR_0117,503545.60648,5,5,100709.121296,1.0
Individual,UH_HKGR_0118,488440.73993223096,7,7,69777.24856174728,1.0
Individual,UH_HKGR_0119,395293.5857502,9,8,49411.698218775,1.125
Individual,UH_HKGR_0120,371299.661245376,7,7,53042.80874933943,1.0
Individual,UH_HKGR_0121,284657.0403976,6,6,47442.84006626666,1.0
Individual,UH_HKGR_0122,265288.54034,3,3,88429.51344666666,1.0
Individual,UH_HKGR_0123,96513.728716,6,6,16085.621452666666,1.0
Individual,UH_HKGR_0124,507143.29383000004,7,7,72449.0419757143,1.0
Individual,UH_HKGR_0125,45977.19428464,7,6,7662.865714106666,1.1666666666666667
Individual,UH_HKGR_0126,183660.88308331202,3,3,61220.294361104,1.0
Individual,UH_HKGR_0127,212287.426723,7,7,30326.775246142857,1.0
Individual,UH_HKGR_0128,375241.3218087,10,9,41693.48020096667,1.1111111111111112
Individual,UH_HKGR_0129,37589.671519999996,4,4,9397.417879999999,1.0
Individual,UH_HKGR_0130,312272.53503448,6,6,52045.42250574666,1.0
Individual,UH_HKGR_0131,150085.054654152,7,7,21440.722093450284,1.0
Individual,UH_HKGR_0132,82044.099593188,7,6,13674.016598864668,1.1666666666666667
Individual,UH_HKGR_0133,321722.28062,4,4,80430.570155,1.0
Individual,UH_HKGR_0134,190570.87928800003,8,6,31761.813214666672,1.3333333333333333
Individual,UH_HKGR_0135,446589.207573895,9,9,49621.02306376611,1.0
Individual,UH_HKGR_0136,105653.52655752,10,8,13206.69081969,1.25
Individual,UH_HKGR_0137,334856.97890916,5,5,66971.395781832,1.0
Individual,UH_HKGR_0138,179263.57790925002,9,7,25609.082558464288,1.2857142857142858
Individual,UH_HKGR_0139,71126.183524,7,6,11854.363920666665,1.1666666666666667
Individual,UH_HKGR_0140,271716.29482199997,8,7,38816.61354599999,1.1428571428571428
Individual,UH_HKGR_0141,131732.782001436,9,8,16466.5977501795,1.125
Individual,UH_HKGR_0142,588536.17993493,10,10,58853.617993493004,1.0
Individual,UH_HKGR_0143,369497.60690056003,9,9,41055.28965561778,1.0
Individual,UH_HKGR_0144,22601.242437631,5,5,4520.2484875262,1.0
Individual,UH_HKGR_0145,271455.240223327,7,7,38779.32003190386,1.0
Individual,UH_HKGR_0146,295300.84961952,10,9,32811.20551328,1.1111111111111112
Individual,UH_HKGR_0147,206448.10475254,9,8,25806.0130940675,1.125
Individual,UH_HKGR_0148,100828.04435377,6,6,16804.674058961667,1.0
Individual,UH_HKGR_0149,164673.18139684002,9,9,18297.020155204445,1.0
Individual,UH_HKGR_0150,39229.149442,5,4,9807.2873605,1.25
Individual,UH_HKGR_0151,147587.366564,5,5,29517.4733128,1.0
Individual,UH_HKGR_0152,227405.39455599998,10,9,25267.266061777776,1.1111111111111112
Individual,UH_HKGR_0153,68074.61513257999,10,9,7563.846125842221,1.1111111111111112
Individual,UH_HKGR_0154,72960.39295665201,5,5,14592.078591330403,1.0
Individual,UH_HKGR_0155,199050.71681388002,9,8,24881.339601735002,1.125
Individual,UH_HKGR_0156,217358.965568368,9,8,27169.870696046,1.125
Individual,UH_HKGR_0157,177040.23561096,6,5,35408.047122192,1.2
Individual,UH_HKGR_0158,256382.68829818402,8,8,32047.836037273002,1.0
Individual,UH_HKGR_0159,193974.33992600002,8,7,27710.619989428575,1.1428571428571428
Individual,UH_HKGR_0160,209368.68099222402,6,6,34894.78016537067,1.0
Individual,UH_HKGR_0161,50059.760760000005,1,1,50059.760760000005,1.0
Individual,UH_HKGR_0162,131116.890709117,8,8,16389.611338639625,1.0
Individual,UH_HKGR_0163,163529.59975979198,5,5,32705.919951958396,1.0
Individual,UH_HKGR_0164,104326.64927272,9,9,11591.84991919111,1.0
Individual,UH_HKGR_0165,74388.34397999999,4,4,18597.085994999998,1.0
Individual,UH_HKGR_0166,79730.338384968,5,5,15946.0676769936,1.0
Individual,UH_HKGR_0167,86642.84115051998,10,10,8664.284115051998,1.0
Individual,UH_HKGR_0168,281869.72080400004,8,8,35233.715100500005,1.0
Individual,UH_HKGR_0169,285741.60980152,8,8,35717.70122519,1.0
Individual,UH_HKGR_0170,49602.208855,10,8,6200.276106875,1.25
Individual,UH_HKGR_0171,173074.09906105598,5,5,34614.81981221119,1.0
Individual,UH_HKGR_0172,71479.613912,3,3,23826.537970666668,1.0
Individual,UH_HKGR_0173,164897.75770000002,7,7,23556.822528571432,1.0
Individual,UH_HKGR_0174,141952.2402,4,4,35488.06005,1.0
Individual,UH_HKGR_0175,237459.89208567998,9,9,26384.432453964444,1.0
Individual,UH_HKGR_0176,280060.72042663203,7,7,40008.67434666172,1.0
Individual,UH_HKGR_0177,188403.618668,7,7,26914.802666857144,1.0
Individual,UH_HKGR_0178,204382.90821199998,8,6,34063.81803533333,1.3333333333333333
Individual,UH_HKGR_0179,85897.986811152,10,9,9544.220756794668,1.1111111111111112
Individual,UH_HKGR_0180,151131.123498,6,6,25188.520583,1.0
Individual,UH_HKGR_0181,238017.720816,5,5,47603.5441632,1.0
Individual,UH_HKGR_0182,74201.49058973601,7,6,12366.915098289335,1.1666666666666667
Individual,UH_HKGR_0183,39753.001737,4,4,9938.25043425,1.0
Individual,UH_HKGR_0184,67579.000543368,9,7,9654.142934766858,1.2857142857142858
Individual,UH_HKGR_0185,61971.08471099999,5,4,15492.771177749997,1.25
Individual,UH_HKGR_0186,17040.341644816,4,4,4260.085411204,1.0
Individual,UH_HKGR_0187,36357.654425151995,5,5,7271.530885030399,1.0
Individual,UH_HKGR_0188,21707.525911999997,4,3,7235.8419706666655,1.3333333333333333
Individual,UH_HKGR_0189,159520.82391251202,7,7,22788.68913035886,1.0
Individual,UH_HKGR_0190,193377.725262,8,7,27625.389323142856,1.1428571428571428
Individual,UH_HKGR_0191,58200.3261474,5,5,11640.06522948,1.0
Individual,UH_HKGR_0192,122422.23954458599,8,8,15302.779943073248,1.0
Individual,UH_HKGR_0193,113361.8349,9,7,16194.547842857142,1.2857142857142858
Individual,UH_HKGR_0194,85874.70802399999,5,5,17174.9416048,1.0
Individual,UH_HKGR_0195,52228.846774089,3,3,17409.615591363,1.0
Individual,UH_HKGR_0196,165445.240681448,6,5,33089.048136289595,1.2
Individual,UH_HKGR_0197,218315.77014299997,8,7,31187.96716328571,1.1428571428571428
Individual,UH_HKGR_0198,442496.58323666104,9,8,55312.07290458263,1.125
Individual,UH_HKGR_0199,187190.85976754,7,6,31198.476627923334,1.1666666666666667
Individual,UH_HKGR_0200,138511.961800216,7,6,23085.326966702665,1.1666666666666667
Individual,UH_HKGR_0201,112849.63413638402,18,3,37616.54471212801,6.0
Individual,UH_HKGR_0202,1774782.4998690002,36,5,354956.49997380003,7.2
Individual,UH_HKGR_0203,3002524.348119024,54,8,375315.543514878,6.75
Individual,UH_HKGR_0204,1167319.7131559998,18,3,389106.5710519999,6.0
Individual,UH_HKGR_0205,3708711.565668,54,8,463588.9457085,6.75
Individual,UH_HKGR_0206,1329251.144176608,36,6,221541.857362768,6.0
Individual,UH_HKGR_0207,3244589.6253000004,42,7,463512.8036142858,6.0
Individual,UH_HKGR_0209,2637559.7694336474,42,7,376794.25277623534,6.0
Individual,UH_HKGR_0211,2809884.4281322923,48,8,351235.55351653654,6.0
Individual,UH_HKGR_0212,2150575.685152608,54,7,307225.097878944,7.714285714285714
Individual,UH_HKGR_0213,3758810.324246507,66,11,341710.0294769552,6.0
Individual,UH_HKGR_0214,2067614.0830680006,30,5,413522.8166136001,6.0
Individual,UH_HKGR_0215,1660928.5203569997,48,8,207616.06504462496,6.0
Individual,UH_HKGR_0217,2572391.878814736,54,9,285821.319868304,6.0
Individual,UH_HKGR_0218,3182766.7967428803,42,7,454680.9709632686,6.0
Individual,UH_HKGR_0220,1734627.1038960002,42,7,247803.87198514288,6.0
Individual,UH_HKGR_0221,4645423.202505,60,10,464542.3202505,6.0
Individual,UH_HKGR_0222,1613726.506424808,42,6,268954.417737468,7.0
Individual,UH_HKGR_0224,2243472.681402,48,8,280434.08517525,6.0
Individual,UH_HKGR_0225,2160969.8836079994,36,6,360161.6472679999,6.0
Individual,UH_HKGR_0226,2862137.20537356,54,9,318015.24504150666,6.0
Individual,UH_HKGR_0228,3906430.386873001,48,8,488303.79835912515,6.0
Individual,UH_HKGR_0229,2174346.266142,48,8,271793.28326775,6.0
Individual,UH_HKGR_0232,739062.811283496,36,6,123177.135213916,6.0
Individual,UH_HKGR_0233,1417583.6494530004,18,3,472527.88315100013,6.0
Individual,UH_HKGR_0234,1422341.555226528,42,7,203191.65074664686,6.0
Individual,UH_HKGR_0238,2724719.0989979994,66,9,302746.56655533327,7.333333333333333
Individual,UH_HKGR_0239,1964014.54073274,36,6,327335.75678879,6.0
Individual,UH_HKGR_0240,3044693.850673751,48,8,380586.7313342189,6.0
Individual,UH_HKGR_0242,1818728.503454064,36,6,303121.417242344,6.0
Individual,UH_HKGR_0243,860402.227909632,24,3,286800.742636544,8.0
Individual,UH_HKGR_0244,1036163.172777792,30,5,207232.63455555838,6.0
Individual,UH_HKGR_0245,2504205.9142400394,72,10,250420.59142400394,7.2
Individual,UH_HKGR_0246,1605727.477866,48,8,200715.93473325,6.0
Individual,UH_HKGR_0247,2346340.242697392,54,9,260704.47141082134,6.0
Individual,UH_HKGR_0248,3851625.1301460005,54,8,481453.14126825007,6.75
